/*
SQLyog Community v13.1.7 (64 bit)
MySQL - 5.7.36 : Database - db_edirektori
*********************************************************************
*/

/*!40101 SET NAMES utf8 */;

/*!40101 SET SQL_MODE=''*/;

/*!40014 SET @OLD_UNIQUE_CHECKS=@@UNIQUE_CHECKS, UNIQUE_CHECKS=0 */;
/*!40014 SET @OLD_FOREIGN_KEY_CHECKS=@@FOREIGN_KEY_CHECKS, FOREIGN_KEY_CHECKS=0 */;
/*!40101 SET @OLD_SQL_MODE=@@SQL_MODE, SQL_MODE='NO_AUTO_VALUE_ON_ZERO' */;
/*!40111 SET @OLD_SQL_NOTES=@@SQL_NOTES, SQL_NOTES=0 */;
CREATE DATABASE /*!32312 IF NOT EXISTS*/`db_edirektori` /*!40100 DEFAULT CHARACTER SET latin1 */;

USE `db_edirektori`;

/*Table structure for table `bahagian_user` */

DROP TABLE IF EXISTS `bahagian_user`;

CREATE TABLE `bahagian_user` (
  `id` bigint(20) unsigned NOT NULL AUTO_INCREMENT,
  `bahagian_id` int(10) unsigned NOT NULL,
  `user_id` int(10) unsigned NOT NULL,
  `created_at` timestamp NULL DEFAULT NULL,
  `updated_at` timestamp NULL DEFAULT NULL,
  PRIMARY KEY (`id`)
) ENGINE=MyISAM AUTO_INCREMENT=41 DEFAULT CHARSET=utf8mb4 COLLATE=utf8mb4_unicode_ci;

/*Data for the table `bahagian_user` */

insert  into `bahagian_user`(`id`,`bahagian_id`,`user_id`,`created_at`,`updated_at`) values 
(1,3,5,NULL,'2022-08-08 06:50:58'),
(2,3,6,NULL,'2022-08-08 06:51:16'),
(3,3,7,NULL,'2022-08-08 06:51:10'),
(7,3,2,NULL,'2022-09-06 03:14:39'),
(8,3,3,NULL,'2023-01-12 03:55:11'),
(9,4,4,NULL,'2022-09-06 03:14:53'),
(40,3,8,NULL,NULL),
(39,3,7,NULL,NULL),
(34,3,1,NULL,'2021-05-11 08:03:22');

/*Table structure for table `failed_jobs` */

DROP TABLE IF EXISTS `failed_jobs`;

CREATE TABLE `failed_jobs` (
  `id` bigint(20) unsigned NOT NULL AUTO_INCREMENT,
  `connection` text COLLATE utf8mb4_unicode_ci NOT NULL,
  `queue` text COLLATE utf8mb4_unicode_ci NOT NULL,
  `payload` longtext COLLATE utf8mb4_unicode_ci NOT NULL,
  `exception` longtext COLLATE utf8mb4_unicode_ci NOT NULL,
  `failed_at` timestamp NOT NULL DEFAULT CURRENT_TIMESTAMP,
  PRIMARY KEY (`id`)
) ENGINE=InnoDB DEFAULT CHARSET=utf8mb4 COLLATE=utf8mb4_unicode_ci;

/*Data for the table `failed_jobs` */

/*Table structure for table `migrations` */

DROP TABLE IF EXISTS `migrations`;

CREATE TABLE `migrations` (
  `id` int(10) unsigned NOT NULL AUTO_INCREMENT,
  `migration` varchar(255) COLLATE utf8mb4_unicode_ci NOT NULL,
  `batch` int(11) NOT NULL,
  PRIMARY KEY (`id`)
) ENGINE=InnoDB AUTO_INCREMENT=17 DEFAULT CHARSET=utf8mb4 COLLATE=utf8mb4_unicode_ci;

/*Data for the table `migrations` */

insert  into `migrations`(`id`,`migration`,`batch`) values 
(13,'2014_10_12_000000_create_users_table',1),
(14,'2014_10_12_100000_create_password_resets_table',1),
(15,'2019_08_19_000000_create_failed_jobs_table',1),
(16,'2021_04_26_073024_create_pizzas_table',1);

/*Table structure for table `password_resets` */

DROP TABLE IF EXISTS `password_resets`;

CREATE TABLE `password_resets` (
  `email` varchar(255) COLLATE utf8mb4_unicode_ci NOT NULL,
  `token` varchar(255) COLLATE utf8mb4_unicode_ci NOT NULL,
  `created_at` timestamp NULL DEFAULT NULL,
  KEY `password_resets_email_index` (`email`)
) ENGINE=InnoDB DEFAULT CHARSET=utf8mb4 COLLATE=utf8mb4_unicode_ci;

/*Data for the table `password_resets` */

/*Table structure for table `pegawai` */

DROP TABLE IF EXISTS `pegawai`;

CREATE TABLE `pegawai` (
  `id` int(6) NOT NULL AUTO_INCREMENT,
  `nama` char(100) DEFAULT NULL,
  `ext` varchar(12) DEFAULT NULL,
  `email` varchar(50) DEFAULT NULL,
  `nohp` varchar(15) DEFAULT NULL,
  `idjawatan` varchar(6) DEFAULT NULL,
  `idgred` varchar(6) DEFAULT NULL,
  `idbahagian` varchar(6) DEFAULT NULL,
  `idunit` varchar(6) DEFAULT NULL,
  `created_at` datetime DEFAULT NULL,
  `updated_at` datetime DEFAULT NULL,
  PRIMARY KEY (`id`)
) ENGINE=InnoDB AUTO_INCREMENT=874 DEFAULT CHARSET=latin1;

/*Data for the table `pegawai` */

insert  into `pegawai`(`id`,`nama`,`ext`,`email`,`nohp`,`idjawatan`,`idgred`,`idbahagian`,`idunit`,`created_at`,`updated_at`) values 
(10,'SITI SARAH BINTI BAHARUDIN','04-7300069','ctsarah.baharudin@moh.gov.my',NULL,'8','17','8','56',NULL,'2023-12-19 04:54:23'),
(12,'MOHD FUZAIDIE BIN JAAFAR','2352','fuzaidie.jaafar@moh.gov.my',NULL,'34','40','8','56',NULL,'2023-12-19 04:50:12'),
(14,'MOHD. ZAINI B.OTHMAN','1152','mzaini.othman@moh.gov.my',NULL,'34','75','8','56',NULL,'2023-12-19 04:49:46'),
(16,'MUHAMAD MARZUKI BIN KERIYA','04-7300069','m_marzuki@moh.gov.my',NULL,'23','6','8','56',NULL,'2023-12-19 08:44:38'),
(17,'MOHD AMIR BIN ABDUL WAHAB','04-7300069','amirwahab@moh.gov.my',NULL,'22','6','8','56',NULL,'2023-12-19 04:54:02'),
(18,'MOHD FAUDZI BIN BAKAR','04-7300069','mfaudzi@moh.gov.my',NULL,'8','16','8','56',NULL,'2023-12-19 08:47:15'),
(20,'NOR AZIZI BIN JOHARI','1000','-',NULL,'31','34','8','56',NULL,'2023-12-19 04:53:04'),
(21,'NOR HAFIZAM BIN MD. REJAB','1153','-',NULL,'71','77','8','56',NULL,'2023-12-19 04:52:21'),
(31,'NURUL HUDA BT KASSIM','1180','nurulhuda@moh.gov.my',NULL,'38','25','1','6',NULL,NULL),
(32,'DR NORIZAN BINTI AHMAD','1009','drnorizanahmad@moh.gov.my',NULL,'54','101','1','52',NULL,'2022-09-01 07:30:22'),
(33,'DR AFIFAH BINTI OTHMAN','1164',NULL,NULL,'76','55','1','7',NULL,'2022-09-25 08:30:19'),
(36,'MOHD FADHLI BIN AHMAD','1000','-',NULL,'31','77','8','56',NULL,'2023-12-19 04:52:00'),
(43,'INTAN SHUHADA BINTI ABDULLAH','1168','intan_shuhada@moh.gov.my',NULL,'37','76','1','9',NULL,NULL),
(44,'SURIANA BINTI JOHARI','1183','suriana_johari@moh.gov.my',NULL,'22','6','1','9',NULL,NULL),
(45,'ROHIDA BT SALLEH HUDIN','1182','rohida@moh.gov.my',NULL,'24','7','1','9',NULL,NULL),
(47,'KARTINI BINTI SULAIMAN','2387','kartinisulaiman@moh.gov.my',NULL,'71','89','1','9',NULL,NULL),
(49,'MUHAMAD AZMIR BIN KHALIB','2387','azmirkhalib@moh.gov.my',NULL,'71','77','1','6',NULL,NULL),
(50,'SITI NUR HIDAYAH BINTI MOHAMAD HATTA','2358','sitinurhidayah@moh.gov.my',NULL,'37','76','1','5',NULL,NULL),
(56,'ISMAWANI BINTI ISMAAL','2319','ismawani@moh.gov.my',NULL,'37','25','1','11',NULL,NULL),
(65,'MUHAMAD BIN ALI','1191',NULL,NULL,'2','25','1','13',NULL,NULL),
(66,'MOHD ZAIDI BIN ABDUL LATEH','1189','zaidi.ab@moh.gov.my',NULL,'17','37','1','13',NULL,NULL),
(83,'NURULIMAN BINTI ABD. LATIF','2336','nuruliman@moh.gov.my',NULL,'37','24','3','25',NULL,NULL),
(95,'MOHAMAD HILMI BIN OSMAN','1069','mhilmiosman@moh.gov.my','0123923134','95','11','3','16',NULL,'2024-01-03 08:37:23'),
(97,'JAMILAH BINTI HARUN','1067','jamilahharun@moh.gov.my',NULL,'48','91','3','16',NULL,NULL),
(98,'MOHD SHAFAROL WAHID BIN MAT SAAD','2332','shafarol@moh.gov.my',NULL,'48','8','3','16',NULL,'2022-12-27 00:55:04'),
(99,'SYAHRULLIZA BINTI MOHD','2333','syahrulliza@moh.gov.my',NULL,'48','9','3','16',NULL,NULL),
(100,'MUHAMMAD ZAYID BIN IBENI','1077','mzayid@moh.gov.my',NULL,'6','92','3','16',NULL,NULL),
(101,'JULIANA IKHZAWATI BINTI MOHAMED LAZIM','1074','julianamlazim@moh.gov.my',NULL,'14','39','3','17',NULL,'2021-06-02 09:22:06'),
(102,'MOHD HAZWAN BIN SABKI','1076','hazwansabki@moh.gov.my',NULL,'37','76','3','17',NULL,NULL),
(108,'WAN HASHIMAH BINTI MEGAT AHMAT','1062','wanhashimah@moh.gov.my',NULL,'41','83','3','19',NULL,'2023-01-01 04:04:43'),
(109,'NORHASLINA BINTI. AWANG@MAHMUD','2425','haslinawang@moh.gov.my',NULL,'41','83','3','19',NULL,'2023-01-01 03:58:11'),
(115,'ZAHARAH BINTI ABDULLAH','1062','zaharahabdullah@moh.gov.my',NULL,'36','57','3','19',NULL,'2023-01-01 04:03:49'),
(119,'NOOR YUHANIS BINTI KHAZI','2315','yuhanisk@moh.gov.my',NULL,'41','83','3','19',NULL,'2023-01-01 03:52:48'),
(120,'NUR SABRINA BINTI ILIAS @ ZAHARI','2420','sabrina_ilias@moh.gov.my',NULL,'36','57','3','19',NULL,NULL),
(121,'ROSHIDI BIN KHALID @ ABDUL LATIB','2455',NULL,NULL,'29','33','3','19',NULL,NULL),
(123,'NOOR HASNI BINTI AHMAD','1063','noorhasni@moh.gov.my',NULL,'41','83','3','19',NULL,'2023-01-01 03:54:49'),
(124,'NOR ADILAH BT HASHIM','2454','adilah.hashim@moh.gov.my',NULL,'36','78','3','41',NULL,'2022-08-10 04:29:57'),
(130,'NORHASLINDA BINTI CHE ABDUL HALIM','2506','norhaslinda_cah@moh.gov.my',NULL,'37','76','3','25',NULL,'2022-04-10 08:38:13'),
(131,'SUKRI BIN AYOB','1081',NULL,NULL,'69','89','3','25',NULL,'2022-04-12 01:39:45'),
(140,'SARIFAH BINTI AHMAD','1072','sarifahahmad@moh.gov.my',NULL,'42','14','3','21',NULL,NULL),
(142,'FATIMAH MANISA BINTI MANSUR','2421','manisa@moh.gov.my',NULL,'41','83','3','19',NULL,'2023-01-01 03:55:20'),
(144,'MADIHAH BINTI AZIZ','1004','madihah.aziz@moh.gov.my',NULL,'50','29','7','36',NULL,'2024-08-06 08:28:19'),
(147,'MOHD NIZAM BIN IBRAHIM','1027',NULL,NULL,'71','77','3','23',NULL,NULL),
(149,'MOHD FUAD BIN HASSAN','1033','mfuad@moh.gov.my',NULL,'37','76','3','23',NULL,NULL),
(152,'MOHAMMAD REDZUAN BIN OTHMAN','1000',NULL,NULL,'31','34','3','23',NULL,NULL),
(153,'NUR SYAZWANY BINTI AHMAD SHABANY','2340',NULL,NULL,'69','89','3','23',NULL,NULL),
(154,'MOHD ZALANI BIN ISAHAK','1000',NULL,NULL,'31','34','4','30',NULL,NULL),
(155,'FARHAN MASJUR BIN MOHD SAAD','2340','farhanmasjur@moh.gov.my',NULL,'37','76','3','23',NULL,NULL),
(156,'NORSIAH BINTI HAMID','1028','norsiahamid@moh.gov.my',NULL,'37','76','3','23',NULL,NULL),
(158,'MASYITTAH BINTI HJ SULAIMAN','1001','masyittah@moh.gov.my',NULL,'16','25','3','23',NULL,NULL),
(159,'SYAMSINAR BINTI AHMAD','1034','syamsinar@moh.gov.my',NULL,'16','25','3','23',NULL,'2022-02-23 01:36:42'),
(160,'CHANRAN A/L SINNIAH','2345',NULL,NULL,'69','31','3','23',NULL,NULL),
(161,'MOHD FAIZI BIN AZIZAN @ ALIAZAM','2324','mfaiziazizan@moh.gov.my',NULL,'37','25','3','21',NULL,NULL),
(162,'NOOR AZRIETA BINTI CHE NOH','2409','azrieta@moh.gov.my',NULL,'37','25','1','8',NULL,NULL),
(164,'HASSAN BIN ISMAIL','2346',NULL,NULL,'69','89','3','23',NULL,NULL),
(167,'NASIRON BIN SHUIB','1000',NULL,NULL,'31','77','3','23',NULL,NULL),
(168,'YAHYA BIN MUSTAFA','1032',NULL,NULL,'32','23','3','23',NULL,NULL),
(169,'NURUL HAFIZA BINTI CHE NORDIN','1029','nhafizacnordin@moh.gov.my',NULL,'37','76','3','23',NULL,NULL),
(173,'MAZLAN BIN TALIB','1000',NULL,NULL,'31','77','3','23',NULL,NULL),
(180,'NUR HASNI BINTI HASSAN','1032','hasnihassan@moh.gov.my',NULL,'32','23','3','23',NULL,NULL),
(183,'NAZIRAH BINTI NORDIN','1045','nazirahnordin@moh.gov.my',NULL,'37','76','3','25',NULL,'2022-04-10 08:36:59'),
(186,'ROSLIZA BINTI ABU BAKAR','2432','roslizabakar@moh.gov.my',NULL,'37','76','4','29',NULL,NULL),
(187,'NURSHUHADA BINTI ISMAIL','2305','shuhada_i@moh.gov.my',NULL,'37','76','3','25',NULL,'2022-04-10 08:39:11'),
(190,'MOHD BADRULHISHAM BIN ABDUL RAZAk','2322','badrul.hisham@moh.gov.my',NULL,'37','25','3','21',NULL,'2024-07-24 00:17:36'),
(191,'SANY SUWARDY BIN. SHAMSUDIN','1088','sany@moh.gov.my',NULL,'37','76','3','21',NULL,'2022-08-10 06:14:29'),
(192,'NAIMAH BINTI ABD. MAJID','1028','naimahabdm@moh.gov',NULL,'37','25','3','23',NULL,NULL),
(193,'HUZAIDI BIN HUSIN','1048','huzaidi@moh.gov.my',NULL,'37','76','3','25',NULL,NULL),
(203,'MOHD ZAKRY BIN ZULFAKAR','1124','zakry@moh.gov.my',NULL,'37','76','4','27',NULL,NULL),
(204,'ROSLIZA BT SAAD','1124','rosliza_s@moh.gov.my',NULL,'37','25','4','27',NULL,NULL),
(211,'DR NORHASMALIZA BINTI  MOHAMAD NOOR','1126','drnorhasmaliza@moh.gov.my',NULL,'76','55','4','30',NULL,NULL),
(212,'ZAMRI BIN ABDUL HAMID','1134','zamri_ahamid@moh.gov.my',NULL,'44','46','3','40',NULL,NULL),
(217,'NORMAN BIN OMAR','04-7300069','norman_omar@moh.gov.my',NULL,'11','103','8','60',NULL,'2023-12-19 08:20:37'),
(228,'DR. HAJJAH NORIDA BINTI MD HANAFIAH','1115','drnorida@moh.gov.my',NULL,'76','55','4','27',NULL,NULL),
(232,'SHARINA BINTI HASHIM','1130','sharinahashim@moh.gov.my',NULL,'37','25','4','30',NULL,NULL),
(236,'MAZLIHA BT ABU BAKAR','2400','mazliha@moh.gov.my',NULL,'12','99','5','32',NULL,'2024-01-23 01:40:20'),
(242,NULL,'1013','@moh.gov.my',NULL,'50','88','5','51',NULL,'2024-05-02 01:12:08'),
(246,'NUR AZIRA BT ARIFFIN','2312','nur.azira@moh.gov.my',NULL,'41','83','3','19',NULL,NULL),
(247,'SITI FATIMAH BT SAAD','1109',NULL,NULL,'71','33','5','32',NULL,NULL),
(249,'ROSLAN B ISMAIL','1110',NULL,NULL,'69','89','5','32',NULL,NULL),
(250,'NURADILA BINTI MAHMAD TARMIMI','1110','nuradila_mt@moh.gov.my',NULL,'37','25','5','32',NULL,NULL),
(251,'IZZARENA BT HALIM','1076',NULL,NULL,'32','89','3','21',NULL,'2024-08-06 01:57:47'),
(259,'KAMAL HIJAZ B ABDUL GANI','1111','-',NULL,'31','77','5','33',NULL,NULL),
(264,'SHAHIDON B MOHD SAAD','1112','shahidon@moh.gov.my',NULL,'71','77','5','33',NULL,NULL),
(268,'NURUL SYAHIRAH BINTI SHAHARIN','1114','syahirahshaharin@moh.gov.my',NULL,'37','76','5','33',NULL,NULL),
(269,'VANESSA TEOH TZE MAY','1092','vanessa.teoh@moh.gov.my',NULL,'12','79','5','33',NULL,'2022-08-14 04:01:21'),
(272,'MOHD AZIZI BIN AHMAD KHILMI','1000',NULL,NULL,'31','105','8','56',NULL,'2024-09-09 04:49:30'),
(276,'MOHD RASHID BIN HASSAN','1101','rashidhassan@moh.gov.my',NULL,'12','99','5','33',NULL,'2022-08-17 02:10:33'),
(283,'HANANI BT YAHAYA','2326','hanani_y@moh.gov.my',NULL,'37','25','3','25',NULL,'2022-04-10 08:09:14'),
(291,'MUHAMMAD NAIM BIN JAMALUDIN','1088','naim_jamaludin@moh.gov.my',NULL,'36','78','3','21',NULL,NULL),
(294,'HAMIDAH HANIM BINTI CHEE ME @ ABDULLAH','1020','hamidah.hanim@moh.gov.my',NULL,'50','29','6','55',NULL,'2024-06-02 01:58:32'),
(296,'ROHAIMI BT ALI @ ROMLI','1000','-',NULL,'31','77','3','23',NULL,NULL),
(297,'MOHAMAD RIDZUAN B. AZUZAN','2323','mohamadridzuan@moh.gov.my',NULL,'36','78','3','21',NULL,NULL),
(303,'DR. BATHMAVATHY DALAYGA','1017','drbathmavathy@moh.gov.my',NULL,'52','63','3','26',NULL,'2024-08-06 01:49:48'),
(305,'MAHIRAN BINTI ABU BAKAR','1188','mahiranab@moh.gov.my',NULL,'17','64','1','13',NULL,NULL),
(307,'SITI ASMA BINTI AB HAMID','1047','asma_abhamid@moh.gov.my',NULL,'37','25','3','25',NULL,NULL),
(309,'CHE ZAKIAH BINTI DERIS','2469','chezakiah@moh.gov.my',NULL,'60','42','3','18',NULL,'2022-08-10 04:33:40'),
(321,'DR HILMUN HANIM BINTI BAHARUDDIN','1084','hilmun@moh.gov.my',NULL,'56','95','6','63',NULL,'2024-06-09 00:38:29'),
(326,'YBRS. DR. ISMUNI BIN BOHARI','1003','ismuni@moh.gov.my',NULL,'63','68','7','36',NULL,'2024-08-06 08:24:33'),
(328,'ZULNAZRI BIN MAT',NULL,'zulnazri@moh.gov.my',NULL,'15','46','1','42',NULL,'2022-06-27 08:32:41'),
(337,'-','2344','@moh.gov.my',NULL,'65','83','3','37',NULL,'2023-10-15 08:14:14'),
(338,'-','1082','@moh.gov.my',NULL,'65','83','3','37',NULL,'2023-10-15 08:14:23'),
(342,'CHOR SOK PENG','2434','spchor@moh.gov.my',NULL,'3','42','4','30',NULL,NULL),
(343,'MUHAMMAD SYAUKI BIN YAAKOB','2430','syaukiyaakob@moh.gov.my',NULL,'66','16','8','56',NULL,'2023-12-19 08:49:32'),
(344,'BAHARIBAH BINTI SHAIK DAWOOD','1125','baharibah@moh.gov.my',NULL,'37','25','4','29',NULL,NULL),
(345,'DR MUHAMAD AMER BIN SHAFIE','1116','dramer@moh.gov.my',NULL,'76','55','4','38',NULL,NULL),
(346,'DR ZAIDAH BINTI M ARIF','1117','drzaidaharif@moh.gov.my',NULL,'76','55','4','43',NULL,NULL),
(348,'MOHD NASIR BIN ISMAIL','1133','nasirismail@moh.gov.my',NULL,'47','29','4','29',NULL,NULL),
(359,'-','2457','@moh.gov.my',NULL,'41','83','3','19',NULL,'2024-08-06 08:36:08'),
(362,'-','1071','@moh.gov.my',NULL,'26','21','3','21',NULL,'2024-08-06 08:33:02'),
(363,'MOHD SHARANI BIN ABDUL RAHMAN','2374',NULL,NULL,'7','66','1','7',NULL,NULL),
(365,'NOOR ASMA BINTI YAAKOB','1122',NULL,NULL,'60','42','4','38',NULL,NULL),
(366,'DR. JEREMY RODNEY DAVIS','1006','jeremyrodney@moh.gov.my',NULL,'61','55','4','53',NULL,'2024-09-05 06:10:47'),
(371,'SITI ZUBAIDAH BINTI AHMAD JOHARI','1140','sitizubaidah.aj@moh.gov.my',NULL,'27','4','2','15',NULL,NULL),
(374,'NUR SOBAHAH BINTI SAID','2395','nursobahah@moh.gov.my',NULL,'43','41','1','3',NULL,NULL),
(375,'AZHARI BIN RAHMAN','1144',NULL,NULL,'27','4','2','15',NULL,NULL),
(376,'ZULHUSNI BIN ABDUL MUTALIB','2480','zulhusni@moh.gov.my',NULL,'36','83','2','15',NULL,NULL),
(377,'MUHAMMAD FITRI BIN ABU SEMAN','2462',NULL,NULL,'31','77','6','55',NULL,'2024-06-02 02:06:24'),
(378,'RAE MORN VERAK','1043','raemorn@moh.gov.my',NULL,'56','22','3','25',NULL,'2024-08-06 08:48:03'),
(382,'NORHEDAYATE BINTI SA\'EDIN','2325','norhedayate@moh.gov.my',NULL,'37','76','3','25',NULL,'2022-04-10 08:38:38'),
(383,'NURUL SUHADA BINTI BAHADOR','2505','nurulsuhada.b@moh.gov.my',NULL,'37','24','3','25',NULL,'2022-04-10 08:41:12'),
(387,'MOHD SHAWARI BIN ISMAIL','2310','shawari@moh.gov.my',NULL,'36','57','3','41',NULL,'2022-08-10 04:24:46'),
(388,'RAMA PRIYA A/P KRISHNAN','2419','hazreen.noor@moh.gov.my',NULL,'72','57','3','19',NULL,'2021-06-24 00:54:40'),
(390,'NOR HAFIZA BINTI AZIZAN','2312','nhafiza@moh.gov.my',NULL,'36','57','3','19',NULL,'2023-01-01 04:05:33'),
(391,'HASWADI BIN HARON','2427','haswadi.haron@moh.gov.my',NULL,'36','76','3','41',NULL,'2022-08-10 04:24:08'),
(392,'SURIATI BINTI MOHD RAHIM @ DAUD','2312','suriati.rahim@moh.gov.my',NULL,'41','83','3','19',NULL,'2023-01-01 03:49:35'),
(393,'MOHD SOBRI BIN HASSAN','2313','sobri.hassan@moh.gov.my',NULL,'36','78','3','19',NULL,NULL),
(395,'DR MAZWIN BINTI MAHMOOD','1165','drmazwin@moh.gov.my',NULL,'76','55','1','7',NULL,NULL),
(396,'DR NGEE WEN SZE','1171','drngee.ws@moh.gov.my',NULL,'76','55','1','6',NULL,'2024-01-07 04:31:19'),
(397,'DR NOOR ATIKA BINTI AZIT','1162','drnooratika@moh.gov.my',NULL,'76','55','1','5',NULL,'2024-01-07 04:30:38'),
(400,'DR NURUL AFZAN BINTI AMINUDDIN','1176','afzan.azami@moh.gov.my',NULL,'76','55','1','6',NULL,NULL),
(407,'NOOR \'ATIQAH BINTI CHE JUHARI','2503','noor.atiqah@moh.gov.my',NULL,'96','11','3','16',NULL,'2024-01-03 08:40:24'),
(409,'SABRINA BINTI AHMAD','2321','sabrina_ahmad@moh.gov.my',NULL,'36','57','3','21',NULL,NULL),
(410,'NOR FATIMAH BINTI ABDUL MUTALIB','2303','norfatimah@moh.gov.my',NULL,'37','76','3','25',NULL,'2022-04-10 08:35:30'),
(412,'NOR ISMALAILIE BINTI GHAZALI',NULL,'ismalailie@moh.gov.my',NULL,'37','76','4','29',NULL,'2024-01-07 04:26:45'),
(413,'FIRDAWATI BINTI ABU','2338','firdawati@moh.gov.my',NULL,'37','25','3','25',NULL,'2022-04-10 07:42:58'),
(416,'FARIHAH BINTI AMMAR','2327','fa_ammar@moh.gov.my',NULL,'37','25','3','25',NULL,'2022-04-11 07:31:43'),
(418,'AHADATUL KAIDAH BINTI KAMARUDIN','1029',NULL,NULL,'32','89','3','23',NULL,NULL),
(419,'MOHD IZHAM BIN SHARIPUDIN','1032','izham.s@moh.gov.my',NULL,'32','23','3','23',NULL,NULL),
(420,'NOOR KAMALIA BINTI MAHMOOD @ SAID','2324','norkamalia.m@moh.gov.my',NULL,'32','89','3','36',NULL,'2024-08-06 08:34:11'),
(421,'ASSAMARULZAMAN BIN MUHAMAD RASIDI','1000',NULL,NULL,'31','77','3','23',NULL,NULL),
(422,'MOHAMAD FIKRI BIN OMAR','1000',NULL,NULL,'31','77','3','23',NULL,NULL),
(423,'ABDUL AZIZ BIN RAHIM','1000',NULL,NULL,'31','34','3','23',NULL,NULL),
(424,'NORANTANUM BT ABU BAKAR','04-7300069','norantanum@moh.gov.my',NULL,'66','16','8','56',NULL,'2023-12-19 08:46:07'),
(425,'CHIN SEONG GUAN','1193','seongguan@moh.gov.my',NULL,'15','46','1','3',NULL,NULL),
(426,'MASHITAH BINTI ANWAR','04-7300069','mashitah.anwar@moh.gov.my',NULL,'22','4','8','56',NULL,'2023-12-19 08:50:20'),
(427,'MUHAMMAD ARIF FARHAN BIN ABDUL RANI','2382','ariffarhan@moh.gov.my',NULL,'22','4','8','56',NULL,'2023-12-19 03:36:22'),
(428,'NURULIZZAH BINTI IDERIS','04-7300069','izzahideris@moh.gov.my',NULL,'10','16','8','56',NULL,'2023-12-19 08:47:53'),
(430,'SOPIAH BINTI NANYAN','2316','sopiah.nanyan@moh.gov.my',NULL,'3','43','1','5',NULL,NULL),
(432,'MOHAMAD ZULHELMI BIN JUSOH','2393','mdzulhelmi.jusoh@moh.gov.my',NULL,'34','75','1','13',NULL,NULL),
(433,'YUNUS BIN SAAD','2406','-',NULL,'69','31','1','5',NULL,NULL),
(434,'MUHAMMAD EZUAN BIN RAZALI @ GHAZALI','1000','-',NULL,'31','34','8','56',NULL,'2023-12-19 04:52:45'),
(435,'MUHAMMAD SHARUZI BIN ZAINOL','2406','-',NULL,'32','23','1','5',NULL,NULL),
(436,'MOHAMAD NASIR BIN SAID','2384','mnasirsaid@moh.gov.my',NULL,'44','47','1','5',NULL,NULL),
(438,'MOHAMAD ROSDI BIN MUHAMMAD JAMIL','2374','ma_rosdi@moh.gov.my',NULL,'44','46','1','7',NULL,'2023-08-14 02:04:11'),
(439,'ABD MUHAMAD FAZURI BIN IBRAHIM','1166','muhdfazuri@moh.gov.my',NULL,'44','43','1','7',NULL,NULL),
(440,'NORAFIZA BINTI MOHD SAAD','2385',NULL,NULL,'3','42','1','6',NULL,NULL),
(441,'MOHD FIRDAUS BIN MOHD REDZUAN','2375','firdaus.jknk@moh.gov.my',NULL,'44','42','1','7',NULL,NULL),
(442,'MAIZA BINTI HANAFI','2393','maiza@moh.gov.my',NULL,'3','42','1','6',NULL,NULL),
(443,'NURUL AMIRA BINTI MANSOR','1173','amira.mansor@moh.gov.my',NULL,'7','41','1','11',NULL,NULL),
(446,'ZATUL IRADAH BINTI HASSAN','1159','zatul_iradah@moh.gov.my	',NULL,'43','41','1','12',NULL,NULL),
(447,'YUNUS BIN ISMAIL','2368','yunusismail@moh.gov.my',NULL,'15','41','1','8',NULL,NULL),
(449,'SHARIFAH SALBIAH BINTI SAREH HASHIM','1184','shsalbiah@moh.gov.my',NULL,'24','5','1','9',NULL,NULL),
(450,'DR MOHD FIKRI BIN MOHAMMAD FISHOUL','1127','drfikri.mf@moh.gov.my',NULL,'76','55','4','30',NULL,'2024-01-07 04:29:22'),
(451,'DR HUZAIFAH BIN MD NOOR',NULL,'huzaifah.mdnor@moh.gov.my',NULL,'76','52','1','28',NULL,'2024-08-13 03:28:34'),
(454,'NURHIDAYAH BINTI ZAKARIA','1120','hidayah.zakaria@moh.gov.my',NULL,'9','15','8','56',NULL,'2023-12-19 03:29:30'),
(455,'HASHIMI NIZAN BINTI OMAR','1118','hashimi@moh.gov.my',NULL,'3','46','4','28',NULL,'2023-12-19 03:22:23'),
(456,'WAN RASHDAN BIN WAN OMAR','1135','wanrashdan@moh.gov.my',NULL,'44','43','4','38',NULL,NULL),
(457,'HASHIMI NIZAN BINTI OMAR','1124','hashimi@moh.gov.my',NULL,'3','43','4','27',NULL,NULL),
(459,'NORFARIHAN BINTI JOHARI','2431',NULL,NULL,'3','42','4','27',NULL,NULL),
(460,'AISYAH BINTI OMAR','2438','aisyahomar@moh.gov.my',NULL,'37','76','4','27',NULL,NULL),
(462,'NUR RUBUBIYAH BINTI MD AKHIR','1125','rububiyah@moh.gov.my',NULL,'37','76','4','29',NULL,NULL),
(463,'SITI NORMAZIAH BINTI MAT SAAD','2329','s.normaziah@moh.gov.my',NULL,'37','76','3','25',NULL,'2022-04-12 01:43:14'),
(465,'DR HU XUE HAN','2464','drhuxuehan@moh.gov.my',NULL,'100','96','6','62',NULL,'2024-06-09 00:15:53'),
(467,'DR FATIMATUL ZAHRAK BINTI ABU HASSAN AL-SHAARI','2363','drfatimatul_zahrak@moh.gov.my',NULL,'100','95','6','64',NULL,'2024-06-09 00:29:21'),
(469,'ROSMIZA HANAFI','1087','rosmizahanafi@moh.gov.my',NULL,'101','43','6','63',NULL,'2024-06-09 00:32:14'),
(470,'SITI NOOR FADILA BINTI MOHD FUAD OOI','1089','ctnfadila@moh.gov.my',NULL,'46','88','6','55',NULL,'2024-06-02 01:57:38'),
(471,'NOR HARLIZA BINTI TALIB','1086','norharliza@moh.gov.my',NULL,'97','25','6','55',NULL,'2024-06-02 02:00:48'),
(472,'NURUL AINA BINTI AZMI','2477','aina.azmi@moh.gov.my',NULL,'37','76','3','25',NULL,'2022-04-12 01:41:38'),
(474,'YIN YUNG YEN','1096','yinyungyen@moh.gov.my',NULL,'12','80','5','31',NULL,NULL),
(476,'NORSHAM BIN HARUN','1112','norshamharun@moh.gov.my',NULL,'71','77','5','33',NULL,NULL),
(477,'MOHD SAFIZOL BIN MD SAAD','2413',NULL,NULL,'31','77','5','32',NULL,'2022-08-17 02:07:28'),
(478,'MOHD KHIRI BIN RAZALI','2413','mohdkhiri@moh.gov.my',NULL,'37','76','5','32',NULL,'2022-08-17 02:07:20'),
(480,'NORAISHAH BINTI ABU BAKAR','1097','noraishah.abu@moh.gov.my',NULL,'12','100','5','33',NULL,'2022-08-14 02:48:54'),
(481,'MUHAMMAD SYAZWAN BIN MORAT','1101','msyazwan.morat@moh.gov.my',NULL,'12','79','5','33',NULL,'2022-08-17 02:12:08'),
(483,'LEE RUEN YANG','1101','leeruenyang@moh.gov.my',NULL,'12','79','5','33',NULL,NULL),
(485,'AMIR HARIZ BIN GHAZALI','1100','amirhariz@moh.gov.my',NULL,'12','80','5','33',NULL,NULL),
(487,'NUR FARHANIS ASSILA BINTI ROSLAN','1106','nurfarhanis_a@moh.gov.my',NULL,'12','80','5','33',NULL,NULL),
(488,'AMIRAH BINTI AHMAD RAZIF','1102','amirah.arazif@moh.gov.my',NULL,'12','80','5','33',NULL,NULL),
(490,'VINOEDH NAIDU A/L RAJA GOPAL','1108','vinoedh@moh.gov.my',NULL,'12','80','5','33',NULL,NULL),
(491,'A.THANALEKSHUMI A/P APPADORAI','1107','thanalekshumi@moh.gov.my',NULL,'12','80','5','33',NULL,NULL),
(493,'SRI MURNI BINTI MOHAMED @ MAT RANI','1040','murnimohamed@moh.gov.my',NULL,'46','29','3','25',NULL,NULL),
(494,'NUR AMALINA AISYAH BINTI SHAHIDAN','2507','amalinaisyah@moh.gov.my',NULL,'36','78','3','19',NULL,'2023-01-01 04:07:01'),
(495,'ZULKIFLI BIN ISMAIL','1044','zulkifli.ismail@moh.gov.my',NULL,'37','26','3','25',NULL,'2022-03-09 06:53:36'),
(496,'AIMI BINTI ISHAK','1104','aimi.ishak@moh.gov.my',NULL,'12','79','5','33',NULL,'2022-08-17 02:07:50'),
(497,'KHAIRIZA BINTI KHALIB','2352','khairiza.khalib@moh.gov.my',NULL,'60','42','1','12',NULL,NULL),
(500,'NOR ZALINA BINTI YAZIT','2399',NULL,NULL,'43','41','1','3',NULL,NULL),
(501,'HASNIZAM BIN SAAD','1134','hasnizam@moh.gov.my',NULL,'44','46','4','27',NULL,NULL),
(508,'-','1198','@moh.gov.my',NULL,'26','21','3','41',NULL,'2024-08-06 08:29:12'),
(511,'NOR ASHIKIN BT ALI','2453','norashikin.ali@moh.gov.my',NULL,'41','83','3','41',NULL,'2022-08-10 04:25:42'),
(515,'DR NUR IZZATI BINTI JAMALUDIN','1163','dr.nurizzati@moh.gov.my',NULL,'76','52','1','1',NULL,NULL),
(517,'SYAHIDAN BIN ABDUL MAJID','1111',NULL,NULL,'12','80','5','33',NULL,'2022-08-17 02:06:41'),
(519,'DR MOHD HUSRUL ARI BIN HUSIN','2352','drmhusrul@moh.gov.my',NULL,'76','55','1','12',NULL,'2023-05-24 06:50:46'),
(521,'DR NOORHASLINDA BINTI YEOP','2475','drnoorhaslinda@moh.gov.my',NULL,'76','55','4','43',NULL,NULL),
(522,'HAIDAR NAJIYAH BINTI IBRAHIM','04-7300069','haidar@moh.gov.my',NULL,'66','16','8','56',NULL,'2023-12-19 08:48:57'),
(524,'SITI JAZILAH BINTI JOHARI','2370','sitijazilah@moh.gov.my',NULL,'43','41','1','11',NULL,NULL),
(526,'SHAFAWATI BINTI SHAFIE','1104',NULL,NULL,'12','100','5','33',NULL,'2022-08-14 02:52:35'),
(529,'DR RUHAINI BINTI SABRON','2392','dr.ruhaini@moh.gov.my',NULL,'100','96','6','63',NULL,'2024-06-09 00:30:09'),
(530,'SYAIDATUL ALWA BINTI AB RASHID','1144','alwa@moh.gov.my',NULL,'27','4','2','15',NULL,NULL),
(531,'MOHD FERDAUS BIN MOHD AZMI','1145',NULL,NULL,'27','4','2','15',NULL,NULL),
(533,'FAZLINA BINTI AHMAD ZAKI','1010','fazlinazaki@moh.gov.my',NULL,'50','88','1','52',NULL,'2022-09-01 07:29:32'),
(534,'NASRAH BINTI ABU BAKAR','1018','nasrah.ab@moh.gov.my',NULL,'50','%','3','26',NULL,'2024-08-05 06:22:42'),
(535,'NOOR IZZATI BINTI JAMIL','1041','izzatijamil@moh.gov.my',NULL,'37','76','3','25',NULL,NULL),
(536,'MOHD NIZAM BIN BADARUDDIN','2393',NULL,NULL,'34','75','1','13',NULL,NULL),
(538,'MUHAMMAD AZUAN BIN AB MANAP','2371','muhammadazuan@moh.gov.my',NULL,'34','75','1','11',NULL,NULL),
(539,'SYAMSYIDAR BINTI ZAKARIA','2456','syamsyidarz@moh.gov.my',NULL,'41','83','3','19',NULL,'2023-10-15 08:13:53'),
(540,'MOHD SHAHRIZAMAN BIN MANSOR','2314','shahrizaman@moh.gov.my',NULL,'36','78','3','19',NULL,'2023-01-01 04:00:01'),
(543,'FATHY FAIZURA BINTI MOHD ISA','1070','f.faizura@moh.gov.my',NULL,'26','21','3','21',NULL,'2022-06-28 07:30:30'),
(546,'NOOR HAFFIZAINI BT MOHAMAD ABDULLAH','1051','haffizaini@moh.gov.my',NULL,'37','25','3','25',NULL,'2022-04-11 07:34:13'),
(547,'YUSFARIZAN BINTI MOHAMAD YUSOF','2334','yusfarizan@moh.gov.my',NULL,'37','76','3','16',NULL,'2021-11-11 02:58:16'),
(548,'MOHD AZRIN BIN MD ISA','1075','mohd_azrin@moh.gov.my',NULL,'14','38','3','17',NULL,'2022-04-04 04:45:57'),
(550,'AMIRUL AKMAR BIN MUSA','1049','amirulakmar@moh.gov.my',NULL,'37','76','3','25',NULL,'2022-03-09 06:52:51'),
(551,'MOHAMAD NIZAM BIN PARA@PORA','2343','nizam.p@moh.gov.my',NULL,'65','59','3','37',NULL,'2022-08-10 05:02:17'),
(552,'NOOR HAFIZA BINTI MOHD NASRI','2463','noorhafizamnasri@moh.gov.my',NULL,'97','25','6','55',NULL,'2024-06-02 02:02:59'),
(553,'NOR SHARBALINDA BT ABU BAKAR','2460',NULL,NULL,'69','89','6','55',NULL,'2024-06-09 00:33:33'),
(554,'AMIRA BINTI ROSDI','1093','amirarosdi.moh@1govuc.gov.my',NULL,'12','79','5','31',NULL,'2022-08-17 02:08:02'),
(555,'AFIFUDIN BIN SAID','1135','afifudinsaid@moh.gov.my',NULL,'44','47','4','28',NULL,NULL),
(556,'WAN ARINA FARAHIYAH BINTI WAN AB RAZAK','1107','warinafarahiyah@moh.gov.my',NULL,'12','80','5','33',NULL,'2022-08-17 02:13:08'),
(557,'NUR FARHANI BINTI BAHDUN','1105','nfarhani.bahdun@moh.gov.my',NULL,'12','80','5','33',NULL,NULL),
(558,'SYAMITTRA BALAKRISHNAN','1106',NULL,NULL,'12','84','5','33',NULL,NULL),
(559,'DR NOOR SHAHIEDDAH  BINTI  FAZIL','1132','shahieddah@moh.gov.my',NULL,'76','52','4','28',NULL,NULL),
(560,'HAYATI BINTI IDRIS @ YUSUF','1122','hayati.idris@moh.gov.my',NULL,'3','42','4','28',NULL,NULL),
(561,'MOHD RIZAL BIN SALLEH','1103','mrizalsalleh@moh.gov.my',NULL,'12','79','5','33',NULL,NULL),
(562,'TANG HAN CHENG','1103','hctang@moh.gov.my',NULL,'12','80','5','33',NULL,NULL),
(564,'NORLIA BINTI RAMLI','2432','nurliya@moh.gov.my',NULL,'37','25','4','29',NULL,NULL),
(568,'-','1015','@moh.gov.my',NULL,'55','102','2','54',NULL,'2024-08-06 08:49:52'),
(569,'DR. AZLINA BT. AZLAN','2361','drazlinaa@moh.gov.my',NULL,'76','55','1','1',NULL,NULL),
(570,'DR NARIMAH HANIM BINTI IBRAHIM','2476',NULL,NULL,'76','55','4','38',NULL,NULL),
(572,'DR.NUR HARYANIE BINTI HARON','1171','nurharyanie@moh.gov.my',NULL,'76','52','1','8',NULL,NULL),
(573,'NUR NADIRAH BINTI ALI','2480','nadirahali@moh.gov.my',NULL,'50','88','2','54',NULL,'2024-05-02 01:02:45'),
(576,'MOHD SYAFIQ HUSNI BIN MOHD SHUKRI','1142','syafiq.husni@moh.gov.my',NULL,'43','41','2','15',NULL,NULL),
(577,'MOHD DZULLKIFLI BIN CHE MIT','1142','mohd.dzullkifli@moh.gov.my',NULL,'15','45','2','15',NULL,NULL),
(578,'WAN NADIAH BINTI ZULKHEFLI','2482','wannadiah@moh.gov.my',NULL,'27','4','2','15',NULL,NULL),
(579,'MOHD ZAKWAN BIN ABDUL MANAP','2480',NULL,NULL,'69','89','2','15',NULL,NULL),
(581,'-','1078','@moh.gov.my',NULL,'77','32','3','25',NULL,'2024-08-06 08:48:43'),
(583,'MUZLEFAH BINTI MOSLEY','1179','muzlefah@moh.gov.my',NULL,'3','46','1','5',NULL,NULL),
(584,'HJ KHAIROL NIZAM BIN IBRAHIM','2403','khairol.nizam@moh.gov.my',NULL,'44','42','1','11',NULL,NULL),
(586,'Laurie Dann Lawrence','1174','lauriedann@moh.gov.my',NULL,'43','41','1','11',NULL,NULL),
(588,'SALMAH CHE OMAR','1173','salmah.co@moh.gov.my',NULL,'7','42','1','11',NULL,NULL),
(589,'ROHAYA BINTI ABDUL KARIM','2370','rohaya_karim@moh.gov.my',NULL,'3','42','1','11',NULL,NULL),
(590,'NOR HASNAH BINTI IBRAHIM','2370','norhasnah@moh.gov.my',NULL,'3','42','1','11',NULL,NULL),
(591,'MOHD YUSZAINI BIN YUSOF','2370',NULL,NULL,'43','41','1','11',NULL,NULL),
(595,'SITI MARYANI BINTI ALI','2377',NULL,NULL,'3','42','1','7',NULL,NULL),
(597,'Hj Mohd Nasir Bin Junoh','1167','mnasir@moh.gov.my',NULL,'44','43','1','7',NULL,NULL),
(598,'DR SARMIZA BT SAAD','1158','drsarmiza@moh.gov.my',NULL,'76','55','1','12',NULL,'2023-05-24 06:52:13'),
(599,'MOHD AYOB BIN A RAZAK','1159','mdayob@moh.gov.my',NULL,'43','42','1','12',NULL,'2023-05-24 07:26:09'),
(600,'MOHD NASIR BIN JUNUH','1159','mnasir@moh.gov.my',NULL,'44','43','1','12',NULL,'2023-05-24 06:54:05'),
(601,'MAZNIE BINTI HUSSIN','2360',NULL,NULL,'43','41','1','1',NULL,NULL),
(602,'Siti Hajar Binti Ismail','2362',NULL,NULL,'78','76','1','1',NULL,NULL),
(604,'YUHANIS BINTI YUSOFF','1153',NULL,NULL,'42','14','8','56',NULL,'2023-12-19 03:38:24'),
(605,'SITI NUR ASHIKIN BINTI MAZLAN','1153',NULL,NULL,'78','1','8','56',NULL,'2023-12-19 04:49:26'),
(606,'SAMSOL ANUAR BIN HUSIN','2350',NULL,NULL,'43','42','8','56',NULL,'2023-12-19 03:37:32'),
(607,'HAZLINA BINTI A MAJID','04-7300069','hazlinamajid@moh.gov.my',NULL,'22','5','8','56',NULL,'2023-12-19 04:56:09'),
(608,'MOHD SHAHRIL ANUAR BIN MOHD SHUKRI','2351','shahrilanuar@moh.gov.my',NULL,'42','14','8','56',NULL,'2023-12-19 03:37:57'),
(609,'MURSHIDAH BINTI MISRAN','1178','drmurshidah.m@moh.gov.my',NULL,'76','52','1','6',NULL,NULL),
(610,'ANIZA BINTI AHMAD','1178',NULL,NULL,'3','42','1','6',NULL,NULL),
(611,'NOOR AZHAN BINTI AZMI','1177','noorazhanazmi@moh.gov.my',NULL,'3','42','1','6',NULL,NULL),
(612,'KHALIJAH BINTI ABDUL RASHID','1177',NULL,NULL,'3','43','1','6',NULL,NULL),
(613,'SURITA BINTI ZAINOL ABIDIN','2388','surita.za@moh.gov.my',NULL,'3','42','1','6',NULL,NULL),
(614,'DR ROSIDAH BINTI OMAR','2386','drrosidah@moh.gov.my',NULL,'76','52','1','6',NULL,NULL),
(615,'Zauyah binti Mat Desa','2385',NULL,NULL,'3','42','1','6',NULL,NULL),
(616,'ROSIDA BINTI DIN','2390','rosida@moh.gov.my',NULL,'3','42','1','9',NULL,NULL),
(617,'ROSLI BIN OSMAN','1194','rosliosman@moh.gov.my',NULL,'15','46','1','3',NULL,NULL),
(619,'NUR FARAHIN BINTI AZIZAN','2396',NULL,NULL,'43','41','1','3',NULL,NULL),
(620,'AZILA BINTI AZMI','2317','azilazmi@moh.gov.my',NULL,'17','39','1','13',NULL,NULL),
(621,'MAR AIN BINTI MURAD','1189','marain@moh.gov.my',NULL,'17','38','1','13',NULL,'2023-01-12 04:06:44'),
(622,'NOOR HASMADI MOHD NOOR','2394','nhasmadi@moh.gov.my',NULL,'17','37','1','13',NULL,NULL),
(624,'SAIFUL RIZAL BIN NORDIN','2393',NULL,NULL,'71','77','1','13',NULL,NULL),
(625,'MUHAMMAD RIDWAN BIN ABDULLAH','2393','mridwan@moh.gov.my',NULL,'43','41','1','13',NULL,NULL),
(626,'SITI MARIAM BINTI KAMIS','2442','mariam_kamis@moh.gov.my',NULL,'78','25','1','13',NULL,NULL),
(627,'NOOR ISWANA BINTI HAJI AHMAD','1065','iswana.ahmad@moh.gov.my','019-4795828','73','10','3','16',NULL,'2024-03-24 03:37:50'),
(628,'HARTINI BINTI MOHD ZIN','1055','tinimz@moh.gov.my',NULL,'1','60','3','19',NULL,NULL),
(630,'WAN MUHAMMAD RAZIF BIN ABDUL RAZAK','1076','TIADA',NULL,'69','89','3','41',NULL,'2024-08-06 08:35:30'),
(631,'HANIZA BINTI ISMAIL','1056','haniza.ismail@moh.gov.my',NULL,'41','59','3','19',NULL,NULL),
(632,'ROZIANA BINTI SAMSUDIN','2425',NULL,NULL,'36','78','3','19',NULL,NULL),
(633,'HASWANI BINTI HAMID','2323','haswani.hamid@moh.gov.my',NULL,'36','78','3','21',NULL,'2022-12-27 00:54:18'),
(634,'NURHIDAYU BINTI AH NASHARUDIN','1058','nurhidayu.n@moh.gov.my',NULL,'36','78','3','19',NULL,'2023-01-01 03:53:59'),
(635,'MOHD FITRI BIN ABDUL','1024','mohdfitri@moh.gov.my',NULL,'26','21','3','23',NULL,'2024-01-23 01:35:42'),
(638,'DR SITI A\'BIDAH BT MOHD ZOHDI','1115','drabidah@moh.gov.my',NULL,'76','55','4','43',NULL,NULL),
(639,'NURUL HAMAMA BINTI MOHD SALLEH','1026','nurulhamama@moh.gov.my',NULL,'46','29','3','23',NULL,NULL),
(640,'NUR SALMI BINTI HALIM','1026','nursalmi@moh.gov.my',NULL,'46','88','3','23',NULL,NULL),
(641,'NOR AZLINA BINTI MUHAMED YUSOF','2346',NULL,NULL,'71','77','3','23',NULL,NULL),
(642,'-','2300','@moh.gov.my',NULL,'33','104','3','23',NULL,'2023-10-15 08:15:23'),
(643,'MOHD REDZUAN BIN OTHMAN','1000',NULL,NULL,'31','109','3','23',NULL,'2024-01-30 08:51:30'),
(644,'ABD AZIZ BIN RAHIM','1000',NULL,NULL,'31','77','3','23',NULL,NULL),
(645,'MOHD RIDWAN BIN MAZNI','1000',NULL,NULL,'31','77','3','23',NULL,NULL),
(646,'MOHD NIZAM @ HELMI BIN PUTEH','2431',NULL,NULL,'32','89','4','28',NULL,NULL),
(648,'MOHAMAD SALLEH BIN YAHAYA','2433','msallehyahaya@moh.gov.my',NULL,'44','42','4','28',NULL,NULL),
(649,'MUHAMAD HAIRIL SYUKRI BIN IBRAHIM','2433',NULL,NULL,'44','41','4','28',NULL,NULL),
(650,'NORROZAINI BINTI RAMLI','2436','norrozaini@moh.gov.my',NULL,'67','43','4','28',NULL,NULL),
(651,'NORULHADLYZA BINTI ABD. RAHIM','1131','norul@moh.gov.my',NULL,'77','94','4','29',NULL,'2023-01-12 04:05:57'),
(652,'DR SITI SALMA BT MOHD SHAHIDI','1128',NULL,NULL,'76','52','4','30',NULL,NULL),
(653,'NAZATHULYZA BT MUKHTAR','2434','nazathulalyza@moh.gov.my',NULL,'60','42','4','30',NULL,NULL),
(655,'NOR ATIKAH BT KHALIT','1120',NULL,NULL,'37','76','8','56',NULL,'2023-12-19 03:30:11'),
(656,'SUHAIMIM BINTI ABDULLAH','1060','suhaimim@moh.gov.my',NULL,'94','29','3','41',NULL,'2022-08-16 04:00:44'),
(657,'NORLIZA BINTI JUNOH','1057','lizajunoh@moh.gov.my',NULL,'77','57','3','41',NULL,NULL),
(660,'NURULHUDA BINTI AYOB','2454','hudaayob@moh.gov.my',NULL,'41','83','3','41',NULL,'2022-08-16 04:12:11'),
(663,'CHAN SIEW HONG','1179','chan.siewhong@yahoo.com',NULL,'60','46','1','5',NULL,NULL),
(665,'SITI SARAH BINTI RAMLI','1042','sarahramli@moh.gov.my',NULL,'48','8','3','25',NULL,NULL),
(666,'DARA A/P PAN','2466','dara.pan@moh.gov.my',NULL,'67','46','3','18',NULL,NULL),
(667,'ZULKIFLI BIN MAT SHARIF','1190','zulsharif2004@yahoo.com',NULL,'49','1','1','13',NULL,NULL),
(668,'MOHD AZAM BIN HASSAN','1191','azmpt69@yahoo.com',NULL,'2','25','1','13',NULL,NULL),
(670,'DR ABDULLAH SHAUQI BIN KUSAIRY','7009','drshauqi@moh.gov.my',NULL,'76','51','1','42',NULL,NULL),
(671,'DR AHMAD ZAKI HAMDI BIN NOR AZLAN','7009','dr.zakihamdi@moh.gov.my',NULL,'76','52','1','42',NULL,NULL),
(672,'MOHAMAD ANUAR BIN ISMAIL','7009','mohamadanuar@moh.gov.my',NULL,'22','7','1','42',NULL,NULL),
(673,'ADLEEN SHAREEZA BINTI AHMAD PUAD','7009','adleens@gmail.com',NULL,'22','6','1','42',NULL,NULL),
(674,'KHAIRUL FAIZ BIN ROSLAN','7009','khairulfaiz@moh.gov.my',NULL,'22','5','1','42',NULL,NULL),
(675,'NUR ADAWIYAH BINTI ABDULLAH','7009','nuradawiyah@moh.gov.my',NULL,'22','5','1','42',NULL,NULL),
(676,'NUR KHAIRIAH SAZWANI BT ANJAN','7009','nkhairiahsazwani@moh.gov.my',NULL,'22','4','1','42',NULL,NULL),
(677,'OOI TEAN LOOK','7009','ooitl@yahoo.com',NULL,'43','42','1','42',NULL,NULL),
(678,'HANIEFARIEZA BINTI ROSENEE','7009','farieza7501@yahoo.com',NULL,'43','42','1','42',NULL,NULL),
(679,'MUHAMMAD MUSTAQIM BIN HJ MOHD SHUHAINI','7009','kim.maison1805@yahoo.com',NULL,'43','41','1','42',NULL,NULL),
(680,'FAZREEN BINTI ABU SEMAN','7009','reenz_fz@yahoo.com',NULL,'43','42','1','42',NULL,NULL),
(681,'MOHAMAD HAZWAN BIN HASSAN','7009','mohamad.hazwan09@yahoo.com',NULL,'43','41','1','42',NULL,NULL),
(682,'NORSIAH BINTI HUSSEIN','7009','norsiah.hussein@moh.gov.my',NULL,'7','43','1','42',NULL,NULL),
(683,'MOHD FARHAN SYAMIM BIN ROSLI','7009','leukazenki@gmail.com',NULL,'7','41','1','42',NULL,NULL),
(684,'SALMAZIAH BT MD SAAD','7009','myselfsalmaziah@gmail.com',NULL,'7','42','1','42',NULL,NULL),
(685,'NURANIS ADILA BT MD ASSERI','7009','anisadilaasseri90@gmail.com',NULL,'7','41','1','42',NULL,NULL),
(686,'TAN SIEW CHAI','7009','tansiewchai2121@gmail.com',NULL,'7','42','1','42',NULL,NULL),
(687,'SITI NOOR FATIMAH BINTI ABDUL HALIM','7009','sitinorfatimahhalim@gmail.com',NULL,'7','41','1','42',NULL,NULL),
(688,'MUHAMMAD FAQIS BIN SUBRI','7009','faqissubri@gmail.com',NULL,'34','75','1','42',NULL,NULL),
(689,'MOHAMAD HAFIZ BIN ABDUL ROZAK','7009','hafizpka1988@gmail.com',NULL,'34','75','1','42',NULL,NULL),
(690,'FAIZUN BIN ANI','7009','faizunani214@gmail.com',NULL,'34','75','1','42',NULL,NULL),
(691,'MUHAMMAD IZZAT BIN ZAINOL ABIDIN','7009','incheizzat@gmail.com',NULL,'34','75','1','42',NULL,NULL),
(692,'IZWAN EFFENDY BIN ISMAIL','7009','izwanismail06@gmail.com',NULL,'34','75','1','42',NULL,NULL),
(693,'NIK MOHAMAD ZHARIF HAIKAL BIN RAZALI','7009','zharifhaikal999@gmail.com',NULL,'34','75','1','42',NULL,NULL),
(694,'SAADAH BINTI AWANG','7009','saadah.awang@moh.gov.my',NULL,'37','25','1','42',NULL,NULL),
(695,'NOOR HAWANI BT MD ZAIN','7009','hawani.zain@moh.gov.my',NULL,'37','25','1','42',NULL,NULL),
(697,'NOOR HANIM BT MUHAMAD SABRI','7009','norhanim5018@gmail.com',NULL,'69','89','1','42',NULL,NULL),
(698,'MOHAMAD ADLI BIN SABU','7009','adlicity4500@gmail.com',NULL,'31','77','1','42',NULL,NULL),
(699,'ABBAS BIN YAHAYA','7009','abas6739@gmail.com',NULL,'31','77','1','42',NULL,NULL),
(700,'MD ARIF BIN MD ISA','7009','arif3772@gmail.com',NULL,'31','77','1','42',NULL,NULL),
(701,'MOHD HAFIZUL BIN SOMAD','7009','fizul87@yahoo.com',NULL,'31','77','1','42',NULL,NULL),
(702,'FADZIL BIN HUSSIN','7009','maria.ayunuabdulghani@gmail.com',NULL,'71','77','1','42',NULL,NULL),
(703,'SHARMILA BT GHAZALAN','7009','sharmilaghazalan78@gmail.com',NULL,'71','77','1','42',NULL,NULL),
(704,'AHMAD HELMI BIN RAMLI','7009','miekacang@gmail.com',NULL,'71','77','1','42',NULL,NULL),
(705,'MUHAMAD RAZMI BIN ABU BAKAR','7009','razminasuha57@gmail.com',NULL,'71','77','1','42',NULL,NULL),
(706,'MOHD HAFIZ BIN HAMDAN','7009','mhhafiz8387@gmail.com',NULL,'71','77','1','42',NULL,NULL),
(707,'AZIZAN BIN NAYAN','7009','azizannayan9@gmail com',NULL,'71','77','1','42',NULL,NULL),
(708,'MOHAMMAD SHAIFUL RIZAL BIN ROMLY','7009',NULL,NULL,'71','77','1','42',NULL,NULL),
(709,'MOHD FIRDAUS BIN ZAKARIA','7009','firdausmohd028@gmail.com',NULL,'71','77','1','42',NULL,NULL),
(710,'KHAIRUL AZMAN BIN AZIZAN','7009','azmam170282@gmail.com',NULL,'71','77','1','42',NULL,'2022-04-18 01:29:33'),
(711,'MOHD FAUZI BIN OTHMAN','7009','geeboy9681@gmail.com',NULL,'71','77','1','42',NULL,NULL),
(712,'MOHD RIZAL BI SUDIN','7009','mohdrizal1981@gmail.com',NULL,'71','77','1','42',NULL,NULL),
(713,'MOHD ZAIRIE BIN ZAINAL','7009','zairie4849@gmail.com',NULL,'71','77','1','42',NULL,NULL),
(714,'MOHD SHAFARIZAL BIN MOHD SOBRI','7009','jatjufc@gmail.com',NULL,'71','77','1','42',NULL,NULL),
(715,'ROHAIDI FAZLY BIN OTHMAN','7009','diemon81@gmail.gov.my',NULL,'71','77','1','42',NULL,NULL),
(716,'MUHAMMAD AZRI BIN JAAFAR','7009','azrijaafar81@gmail.com',NULL,'71','77','1','42',NULL,NULL),
(717,'MOHD RAZLAN BIN HASHIM','7009','mohdrazlan76@yahoo.com',NULL,'71','77','1','42',NULL,NULL),
(718,'NOR JANA BINTI ZAINAL ABIDIN','7009','norjanazainal@gmail.com',NULL,'71','77','1','42',NULL,NULL),
(719,'HASMALINI BINTI ABU HASSAN','7009','hasmaliniabuhassan@yahoo.com',NULL,'71','77','1','42',NULL,NULL),
(721,'SYAZWANI BINTI AB. KHALID','1143','syazwani.khalid@moh.gov.my',NULL,'15','45','2','15',NULL,NULL),
(722,'NURUL HIDAYAH BINTI AHMAD LATIF','1016','hidayahlatif@moh.gov.my',NULL,'27','4','2','15',NULL,NULL),
(724,'SYAZRIN NAZIRA BINTI ISHAK','2485','syazrinazira@moh.gov.my',NULL,'43','41','2','15',NULL,NULL),
(726,'ROSMAWATI BINTI YUSOF','1079','rosmawatiyusof@moh.gov.my',NULL,'26','21','3','25','2022-04-04 04:17:39','2023-08-14 02:23:25'),
(728,'NORIHAN BINTI MAT RASOL','2444','mrnorihan@moh.gov.my',NULL,'37','28','3','25','2022-04-04 04:25:38','2022-04-10 07:15:12'),
(729,'SHAHIDA BINTI SAID','1080','shahidamsaid@moh.gov.my',NULL,'37','76','3','25','2022-04-04 04:30:05','2022-09-25 08:22:29'),
(731,'HAFFIZATI BINTI SUHAIMI','2335','fizati@moh.gov.my',NULL,'37','76','3','25','2022-04-10 08:44:45','2022-04-11 07:35:05'),
(732,'NURUL ZAHILLA BINTI AZLAN','1094',NULL,NULL,'12','99','5','31','2022-05-24 07:51:04','2022-08-17 02:05:02'),
(734,'DR LAU SHU YEE','2365','drlau.shuyee@moh.gov.my',NULL,'76','54','1','8','2022-05-24 08:09:51','2022-08-14 02:20:42'),
(738,'NOR FARAZILLA BINTI ZAKARIA','1125',NULL,NULL,'37','25','4','29','2022-05-30 00:00:57','2022-08-21 03:27:51'),
(739,'RAFIDAH BINTI NASRUL','1054','rafidah.nasrul@moh.gov.my',NULL,'26','21','3','19','2022-05-30 00:05:21','2022-12-27 00:51:30'),
(741,'ZAINUN BINTI BUKHARI','0',NULL,NULL,'16','25','3','23','2022-06-02 01:02:59','2022-08-21 00:48:19'),
(742,'NURATIKAH BINTI AZMI','1104',NULL,NULL,'12','84','5','31','2022-06-15 01:43:36','2022-08-17 04:03:33'),
(744,'DR NURUL IZZAH BINTI ALI','1083','drnurul.izzah@moh.gov.my',NULL,'56','95','6','64','2022-06-15 01:53:50','2024-06-02 02:12:49'),
(746,'DR BADARIAH BINTI TAMBI CHEK','1019','drbadariah@moh.gov.my',NULL,'53','82','6','55','2022-06-15 01:59:32','2024-06-02 02:22:18'),
(748,'DR MUHAMMAD FADHIL BIN MOHAMAD MARZUKI','1156','drfadhil@moh.gov.my',NULL,'76','55','1','12','2022-06-15 02:07:02','2022-08-14 02:12:58'),
(749,'MUHAMAD FAHMI BIN ABIDIN','2395',NULL,NULL,'43','41','1','%','2022-06-15 03:57:20','2022-06-15 03:57:20'),
(750,'DR. NORHAYATI BINTI AHMAD','1085','drhayatiahmad@moh.gov.my',NULL,'56','95','6','62','2022-08-10 03:47:26','2024-06-02 02:13:56'),
(753,'THORAIRAJ A/L SHANMUGAM','1101',NULL,NULL,'12','100','5','33','2022-08-14 02:47:59','2022-08-17 02:04:53'),
(754,'MOHD ZOOLHILMI BIN MD SALLEH','1113','zoolhilmi@moh.gov.my',NULL,'12','100','5','33','2022-08-14 02:51:29','2022-08-17 02:04:09'),
(755,'FIRDAUS BIN ROMLEE','1100','firdaus.romlee@moh.gov.my',NULL,'12','100','5','33','2022-08-14 02:54:05','2022-08-17 02:04:01'),
(756,'RAUDHOH BT SHAARI','1105',NULL,NULL,'12','100','5','33','2022-08-14 03:29:53','2024-01-07 04:32:30'),
(757,'WAN AHMAD ZAKI BIN WAN YAHAYA','1060','wanzaki@moh.gov.my',NULL,'94','30','3','41','2022-08-16 03:54:02','2024-08-06 08:30:35'),
(759,'MUHAMMAD AIMAN BIN MUHAMMAD SAID','2426','aimansaid@moh.gov.my',NULL,'94','88','3','41','2022-08-16 04:01:44','2022-08-16 04:02:15'),
(760,'JAMANORA BINTI JAMALUDIN','2426','jamanora@moh.gov.my',NULL,'94','88','3','41','2022-08-16 04:03:44','2022-08-16 04:14:03'),
(761,'MOHD AFIF BIN NASRUDIN','2415',NULL,NULL,'12','99','5','%','2022-08-17 04:21:03','2022-08-17 04:22:28'),
(762,'FATIMAH BINTI AZMAN','1104','fatimah.azman@moh.gov.my',NULL,'12','79','5','%','2022-08-17 04:23:36','2023-01-12 04:07:17'),
(764,'LAI POAY YEN','1103',NULL,NULL,'12','99','5','33','2022-08-17 04:24:45','2022-09-15 04:29:02'),
(765,'LEE BOON SIN','1103','leeboonsin@moh.gov.my',NULL,'12','79','5','%','2022-08-17 04:25:27','2023-01-12 04:07:58'),
(766,'MUHAMMAD SAFWAN B. ROMLI','1107',NULL,NULL,'12','79','5','31','2022-08-17 04:27:35','2022-09-25 08:13:47'),
(767,'KHAIRUL HANIF BIN SAAD','2500',NULL,NULL,'91','%','3','16','2022-08-21 00:52:12','2023-10-15 08:16:30'),
(770,'NUR SUHAILA BINTI ABDUL KARIM','2495','-',NULL,'94','88','3','25','2022-09-25 07:36:14','2022-09-25 07:36:14'),
(772,'MUHAMAD AZWAN BIN HAMMAD AHMAD','1107','-',NULL,'12','79','5','31','2022-09-25 07:46:06','2022-09-25 07:46:06'),
(773,'MUHAMMAD KAMIL BIN KHALID','1106','-',NULL,'12','80','1','31','2022-09-25 07:46:58','2022-09-25 08:15:41'),
(774,'MUHAMMAD IZZUDIN BIN SUHAIMI','1108','-',NULL,'12','80','5','31','2022-09-25 07:47:51','2022-09-25 07:47:51'),
(775,'KANG WEI QIAN','1096','-',NULL,'12','80','5','31','2022-09-25 07:49:21','2022-09-25 08:12:05'),
(776,'MUHAMMAD SHUKORIZAL BIN KAMARUZAMAN','-','-',NULL,'12','80','5','31','2022-09-25 07:51:05','2022-09-25 07:51:05'),
(777,'MUHAMMAD ADIB BIN MOHD TAHIR','-','-',NULL,'12','80','5','31','2022-09-25 07:52:10','2022-09-25 08:11:23'),
(778,'GEMINE YAP YI JING','-','-',NULL,'12','84','5','31','2022-09-25 07:53:14','2022-09-25 07:53:14'),
(780,'ONG YI CHEN','-','-',NULL,'12','84','5','31','2022-09-25 07:54:35','2022-09-25 07:54:35'),
(782,'AMIRUL ASHRAF BIN ISMAIL','-','-',NULL,'12','84','5','31','2022-09-25 07:56:33','2022-09-25 07:56:33'),
(783,'LOI TEK MING','-','-',NULL,'12','84','5','31','2022-09-25 07:56:59','2022-09-25 07:56:59'),
(784,'SITI NUR NAJWA BINTI ABU BAKAR','-','-',NULL,'12','84','5','31','2022-09-25 07:57:42','2022-09-25 08:09:53'),
(786,'AZHAR BIN ABU BAKAR','1111','-',NULL,'71','89','5','32','2022-09-25 08:04:00','2022-10-11 04:39:46'),
(788,'DR. LIYANATUL NAJWA BINTI ZAKARIA','1164','liyanatul@moh.gov.my',NULL,'102','54','1','7','2022-10-11 04:39:20','2024-07-02 00:57:35'),
(790,'AHMAD FATHI BIN HAJI MAHAYUDIN','1095',NULL,NULL,'12','79','5','31','2022-12-07 03:28:18','2022-12-07 03:28:18'),
(792,'MOHAMMAD RAZAL BIN HASSAN','1044','mrazal@moh.gov.my',NULL,'37','26','3','25','2022-12-07 03:36:55','2022-12-27 00:58:32'),
(793,'DR NOR AZILLA BT CHE ANI','1178',NULL,NULL,'76','55','1','6','2022-12-07 04:15:02','2022-12-07 04:15:02'),
(794,'NUR ARIFAH BINTI IDRIS','2339',NULL,NULL,'64','38','3','17','2022-12-07 04:19:11','2022-12-07 04:19:11'),
(795,'MOHD YAZID BIN KAHAR','1144',NULL,NULL,'27','4','2','15','2022-12-07 04:26:43','2022-12-07 04:26:43'),
(796,'MOHD FERDAUS BIN MOHD AZMI','1145',NULL,NULL,'27','5','2','15','2022-12-07 04:28:14','2022-12-07 04:28:14'),
(797,'MOHAMMAD HAFIS SHAFIQ BIN MOHAMMAD SOPIAN','1157','hafis.shafiq@moh.gov.my',NULL,'64','37','1','12','2022-12-07 04:31:08','2023-05-24 06:53:03'),
(798,'MOHD FAIRUZ BIN ADDNAN','1172','drmfairuz@moh.gov.my',NULL,'76','55','1','61','2022-12-07 04:35:13','2024-01-23 03:02:15'),
(800,'NOOR FAIZAL BIN MANSUR','2393',NULL,NULL,'37','76','1','13','2022-12-07 04:39:35','2022-12-07 04:39:35'),
(802,'WAN NURAINI BINTI WAN RADZIMI','1058',NULL,NULL,'41','83','3','19','2023-01-01 04:01:52','2023-01-01 04:01:52'),
(803,'-','1172','-',NULL,'21','55','1','12','2023-01-02 03:25:02','2023-05-24 07:24:17'),
(804,'ISZUDDIN BIN ISMAIL','2404',NULL,NULL,'43','42','1','8','2023-01-02 03:31:37','2023-01-02 03:31:37'),
(805,'DR NOR ALINA BINTI AZIZ','1120',NULL,NULL,'76','54','4','27','2023-01-02 06:46:33','2023-01-02 06:46:33'),
(806,'DR FATHIYYAH BINTI EMRAN','2465','drfathiyyah@moh.gov.my',NULL,'100','95','6','62','2023-02-15 04:15:03','2024-06-09 00:15:34'),
(807,'NUR LIYANA BINTI CHE UMAR','2301',NULL,NULL,'26','21','3','41','2023-02-15 04:16:57','2023-08-14 02:24:22'),
(808,'NURIN NAQIYAH BINTI NASIRUDDIN','1103',NULL,NULL,'12','84','5','33','2023-02-15 04:18:34','2023-02-15 04:18:34'),
(810,'ROHAYA BINTI MAHMUD','1090','rohaya.m@moh.gov.my',NULL,'12','100','5','33','2023-04-02 02:24:53','2024-01-23 01:42:13'),
(811,'DR DYANA NABILA BT MOHD NASIR','1163',NULL,NULL,'76','55','1','1','2023-04-02 02:26:24','2023-04-02 02:26:24'),
(813,'NURHAZWANI BT MD. SUHAIMY','2482','nurhazwani@moh.gov.my',NULL,'27','6','2','15','2023-04-02 03:15:32','2024-01-23 01:47:04'),
(814,'ZAINATUL EMELIA BT ZAINAL ABIDIN','1142',NULL,NULL,'27','5','2','15','2023-04-02 03:17:34','2023-04-02 03:17:34'),
(815,'NABILAH BT ZAKARIA','2481',NULL,NULL,'43','41','2','15','2023-04-02 03:27:49','2023-04-02 03:27:49'),
(816,'SITI MARIAM BT KAMIS','1159','mariam_kamis@moh.gov.my',NULL,'37','25','1','12','2023-05-24 07:46:06','2023-05-24 07:46:06'),
(818,'HAPIDZOH BINTI MD SAAD','1146',NULL,NULL,'94','30','3','25','2023-09-21 04:29:31','2023-09-21 04:29:31'),
(819,'HASHIM BIN MOKHTAR','2424',NULL,NULL,'44','43','4','30','2023-09-21 04:31:18','2023-09-21 04:31:18'),
(820,'MOHD MU\'AZ BIN ABD MAJID','2424',NULL,NULL,'36','78','3','41','2023-09-21 04:34:08','2023-09-21 04:34:08'),
(821,'NORHANIZAH BINTI HAMID','2427',NULL,NULL,'41','83','3','19','2023-09-21 04:36:09','2023-09-21 04:36:09'),
(822,'OOI YONG SHEN','1196',NULL,NULL,'43','41','1','3','2023-09-21 04:38:28','2023-09-21 04:38:28'),
(823,'PUVANESVARAN A/L NARAINAN','1113',NULL,NULL,'12','99','5','33','2023-09-21 04:43:37','2023-09-21 04:43:37'),
(825,'DR TAN YUN TEEN','1128',NULL,NULL,'76','55','4','28','2023-09-21 04:48:47','2023-09-21 04:48:47'),
(827,'SYAKIR','1031','@moh.gov.my',NULL,'33','90','3','23','2023-10-15 08:23:04','2023-10-15 08:25:39'),
(828,'MOHAMAD HAFIZ BIN MOHD DZAKWAN','04-7300069','mhafiz.md@moh.gov.my',NULL,'66','17','8','56','2023-12-19 08:40:01','2023-12-19 08:40:38'),
(829,'NORNADIAH BT AHMAD','04-7300069','nadiah.ahmad@moh.gov.my',NULL,'66','17','8','56','2023-12-19 08:43:23','2023-12-19 08:43:23'),
(830,'WAN SHAFINA BINTI CHE HUSIN','2468',NULL,NULL,'67','46','3','18','2024-01-07 04:12:28','2024-01-07 04:12:28'),
(831,'FARAH NAJWA BINTI ZAINOL ABIDIN','2305',NULL,NULL,'37','76','3','25','2024-01-07 04:21:14','2024-01-07 04:21:14'),
(832,'SHARIMAH BT YAHAYA','1066','sharimah_yahya@moh.gov.my',NULL,'48','9','3','16','2024-01-07 04:24:46','2024-07-17 01:55:21'),
(833,'DR ZUL AZRIZAL BIN SALLEH','1186','drzulazrizal@moh.gov.my',NULL,'76','55','1','8','2024-01-23 03:06:24','2024-01-23 03:06:24'),
(834,'DR SITI ROHANA BINTI AHMAD','1154','drsitirohana@moh.gov.my',NULL,'76','55','1','6','2024-01-23 03:07:27','2024-01-23 03:07:27'),
(835,'ZAKY BIN SAIDIN','1192','zaky@moh.gov.my',NULL,'76','47','1','3','2024-01-23 03:09:16','2024-01-23 03:09:16'),
(836,'NAFIZAH BINTI ZAINUL ABIDIN','2401',NULL,NULL,'37','76','5','33','2024-01-30 08:55:24','2024-01-30 08:55:24'),
(837,'MUHAMMAD AZZAMUDEEN BIN IDRIS','1000',NULL,NULL,'8','15','8','56','2024-01-30 08:56:48','2024-01-30 08:56:48'),
(838,'SITI NOOR LIZA BINTI MOHD BASHIR','1174',NULL,NULL,'43','42','1','11','2024-01-30 08:59:31','2024-01-30 08:59:31'),
(839,'ABDULLAH BIN AHMAD','0',NULL,NULL,'11','16','8','56','2024-05-28 02:16:10','2024-05-28 02:16:10'),
(841,'ZAITUN BINTI ABDUL WAHAB','2467',NULL,NULL,'67','48','3','18','2024-05-28 02:21:04','2024-05-28 02:21:04'),
(842,'MEGAT PUTERA NASRULLAH BIN ROZIZI','1111',NULL,NULL,'31','105','5','31','2024-05-28 02:22:52','2024-05-28 02:22:52'),
(843,'MUHAMMAD ZAIDI BIN ZAKARIA','2463',NULL,NULL,'31','77','6','55','2024-05-28 02:26:10','2024-06-02 02:05:44'),
(844,'NUR SYAZWANI BINTI ABU BAKAR','1174',NULL,NULL,'43','41','1','11','2024-05-28 02:28:07','2024-05-28 02:28:07'),
(845,'AFIZA BINTI ABDULLAH','2369','afizaabdullah@moh.gov.my',NULL,'99','66','6','62','2024-06-02 01:53:32','2024-06-09 00:27:54'),
(846,'RAPIDAH BINTI AWANG','1087','rapidah.awang@moh.gov.my',NULL,'98','44','6','63','2024-06-02 01:55:03','2024-06-09 00:55:14'),
(847,'NUR ALIZZAH AWATIF BINTI MASHER AMIR','2462','nuralizzahawatif@moh.gov.my',NULL,'91','76','6','55','2024-06-02 02:11:41','2024-06-02 02:11:41'),
(848,'WAN NUR ALIA BINTI WAN SHAMSURI','1068','wanalia@moh.gov.my',NULL,'91','12','3','16','2024-06-02 02:17:52','2024-06-02 02:18:17'),
(849,'MUHAMAD ALIF SHAHKIMI BIN MD ROZI','2502','alif.shahkimi@moh.gov.my',NULL,'91','%','3','16','2024-06-02 02:19:24','2024-06-02 02:19:24'),
(850,'NOORKUMALASARI BINTI JAMALUDDIN','1025','noorkumalasari@moh.gov.my',NULL,'97','26','3','23','2024-07-23 03:47:15','2024-07-23 03:47:15'),
(852,'MASFIZA BINTI ABDUL HAMID','1091','masfiza@moh.gov.my',NULL,'12','100','5','31','2024-07-23 03:50:19','2024-07-23 03:50:19'),
(853,'AHMAD SYIHAN BIN ABD HALIM','1110','ahmadsyihan@moh.gov.my',NULL,'12','84','5','31','2024-07-23 03:52:04','2024-07-23 03:52:04'),
(854,'AHMAD SYIHAN BIN ABD HALIM','1111',NULL,NULL,'12','84','5','31','2024-07-24 00:15:09','2024-07-24 00:15:09'),
(856,'NOR AZLINA BINTI BAKAR','1012','norazlina.bakar@moh.gov.my',NULL,'62','100','5','51','2024-08-18 02:47:50','2024-10-09 01:24:54'),
(857,'NUR AZYYATI BINTI ISHAK','04-7300069',NULL,NULL,'9','15','8','56','2024-08-18 02:52:16','2024-08-18 02:52:16'),
(859,'AZFARASHUHADA BINTI AZIZ','1045',NULL,NULL,'37','76','3','25','2024-09-09 04:51:43','2024-09-09 04:51:43'),
(860,'DR. JEREMY RODNEY DAVIS','1007',NULL,NULL,'61','50','4','28','2024-09-09 04:53:30','2024-09-09 04:53:30'),
(861,'DR. SHAHRUL IZZAT BIN MAT AKHIR','1170',NULL,NULL,'76','54','1','61','2024-09-09 04:55:39','2024-09-09 04:55:39'),
(862,'DR. NOORUL EMILIN BINTI ABDUL KHALID','1161',NULL,NULL,'76','54','1','5','2024-09-09 04:57:29','2024-09-09 04:57:29'),
(863,'FIKRI ANAK GONG','2393',NULL,NULL,'34','41','1','13','2024-09-09 04:59:13','2024-09-09 04:59:13'),
(864,'NURUN NISAK BINTI ABDUL AZIZ','2351',NULL,NULL,'43','41','1','11','2024-09-09 05:01:05','2024-09-09 05:01:05'),
(865,'JUFRI BIN AHMAD','2408',NULL,NULL,'69','81','1','5','2024-09-09 05:02:43','2024-09-09 05:02:43'),
(866,'DR. TAN WEI LEONG','1170',NULL,NULL,'76','55','1','11','2024-09-09 05:04:26','2024-09-09 05:04:26'),
(867,'NAWAL BINTI BAHARUDIN','1013','nawal.baharudin@moh.gov.my',NULL,'50','88','5','51','2024-10-09 01:27:03','2024-10-09 01:27:03'),
(868,'NORFARIZA ANIZA BINTI JAAFAR','1007','norfarizaniza@moh.gov.my',NULL,'50','88','4','53','2024-10-09 01:42:36','2024-10-09 01:42:36'),
(869,'ZETTY AZIZA BINTI AHMAD','1198',NULL,NULL,'26','21','3','41','2024-10-10 02:08:31','2024-11-06 08:25:43'),
(870,'AIDA SURAYA BINTI MD YATIM','2460',NULL,NULL,'3','42','1','1','2024-10-10 02:11:07','2024-10-10 02:11:07'),
(871,'ZURIANA BINTI CHE MAT','6069',NULL,NULL,'69','89','3','41','2024-10-10 02:13:53','2024-10-10 02:13:53'),
(872,'FIRDAUS BIN ABDULLAH','1195',NULL,NULL,'15','84','1','3','2024-11-05 04:10:10','2024-11-05 04:10:10'),
(873,'MOHD RAMZUL ADLI BIN HALLMI','0',NULL,NULL,'16','25','3','23','2024-11-05 04:13:24','2024-11-05 04:13:24');

/*Table structure for table `role_user` */

DROP TABLE IF EXISTS `role_user`;

CREATE TABLE `role_user` (
  `id` bigint(20) unsigned NOT NULL AUTO_INCREMENT,
  `role_id` int(10) unsigned NOT NULL,
  `user_id` int(10) unsigned NOT NULL,
  `created_at` timestamp NULL DEFAULT NULL,
  `updated_at` timestamp NULL DEFAULT NULL,
  PRIMARY KEY (`id`)
) ENGINE=MyISAM AUTO_INCREMENT=57 DEFAULT CHARSET=utf8mb4 COLLATE=utf8mb4_unicode_ci;

/*Data for the table `role_user` */

insert  into `role_user`(`id`,`role_id`,`user_id`,`created_at`,`updated_at`) values 
(1,1,1,NULL,NULL),
(48,1,2,NULL,NULL),
(54,2,3,NULL,NULL),
(49,1,4,NULL,NULL),
(51,1,5,NULL,NULL),
(52,1,6,NULL,NULL),
(56,2,8,NULL,NULL);

/*Table structure for table `roles` */

DROP TABLE IF EXISTS `roles`;

CREATE TABLE `roles` (
  `id` bigint(20) unsigned NOT NULL AUTO_INCREMENT,
  `name` varchar(191) COLLATE utf8mb4_unicode_ci NOT NULL,
  `created_at` timestamp NULL DEFAULT NULL,
  `updated_at` timestamp NULL DEFAULT NULL,
  PRIMARY KEY (`id`)
) ENGINE=MyISAM AUTO_INCREMENT=4 DEFAULT CHARSET=utf8mb4 COLLATE=utf8mb4_unicode_ci;

/*Data for the table `roles` */

insert  into `roles`(`id`,`name`,`created_at`,`updated_at`) values 
(1,'admin','2020-12-17 01:49:42','2020-12-17 01:49:42'),
(2,'penyelaras','2020-12-17 01:49:42','2020-12-17 01:49:42');

/*Table structure for table `tbahagian` */

DROP TABLE IF EXISTS `tbahagian`;

CREATE TABLE `tbahagian` (
  `id` int(100) NOT NULL AUTO_INCREMENT,
  `bahagian` varchar(100) DEFAULT NULL,
  `updated_at` datetime DEFAULT NULL,
  `created_at` datetime DEFAULT NULL,
  PRIMARY KEY (`id`)
) ENGINE=InnoDB AUTO_INCREMENT=9 DEFAULT CHARSET=latin1;

/*Data for the table `tbahagian` */

insert  into `tbahagian`(`id`,`bahagian`,`updated_at`,`created_at`) values 
(1,'BAHAGIAN KESIHATAN AWAM','2021-05-11 07:44:35',NULL),
(2,'BAHAGIAN KESELAMATAN DAN KUALITI MAKANAN',NULL,NULL),
(3,'BAHAGIAN PENGURUSAN',NULL,NULL),
(4,'BAHAGIAN PERUBATAN',NULL,NULL),
(5,'BAHAGIAN FARMASI','2021-04-29 08:11:22',NULL),
(6,'BAHAGIAN KESIHATAN PERGIGIAN',NULL,NULL),
(7,'PEJABAT PENGARAH',NULL,NULL),
(8,'BAHAGIAN KEJURUTERAAN','2023-04-02 03:20:40','2023-04-02 03:20:40');

/*Table structure for table `tgred` */

DROP TABLE IF EXISTS `tgred`;

CREATE TABLE `tgred` (
  `id` int(100) NOT NULL AUTO_INCREMENT,
  `gred` varchar(100) DEFAULT NULL,
  `updated_at` datetime DEFAULT NULL,
  `created_at` datetime DEFAULT NULL,
  `gred2` int(2) DEFAULT NULL,
  PRIMARY KEY (`id`)
) ENGINE=InnoDB AUTO_INCREMENT=110 DEFAULT CHARSET=latin1;

/*Data for the table `tgred` */

insert  into `tgred`(`id`,`gred`,`updated_at`,`created_at`,`gred2`) values 
(1,'B22',NULL,NULL,22),
(2,'C27',NULL,NULL,27),
(3,'C32',NULL,NULL,32),
(4,'C41',NULL,NULL,41),
(5,'C44',NULL,NULL,44),
(6,'C48',NULL,NULL,48),
(7,'C52',NULL,NULL,52),
(8,'FA29','2022-09-14 00:12:43',NULL,29),
(9,'FA32','2022-09-14 00:12:29',NULL,32),
(10,'F41',NULL,NULL,41),
(11,'F44',NULL,NULL,44),
(12,NULL,'2022-09-14 00:12:59',NULL,17),
(13,'J17',NULL,NULL,17),
(14,'J29',NULL,NULL,29),
(15,'J41',NULL,NULL,41),
(16,'J44',NULL,NULL,44),
(17,'J48',NULL,NULL,48),
(18,'KP17',NULL,NULL,17),
(20,'M44',NULL,NULL,44),
(21,'M48',NULL,NULL,48),
(22,'M52',NULL,NULL,52),
(23,'N1',NULL,NULL,1),
(24,'N17',NULL,NULL,17),
(25,'N22',NULL,NULL,22),
(26,'N26',NULL,NULL,26),
(27,'N27',NULL,NULL,27),
(28,'N28',NULL,NULL,28),
(29,'N32',NULL,NULL,32),
(30,'N36',NULL,NULL,36),
(31,'N4',NULL,NULL,3),
(32,'N41',NULL,NULL,41),
(33,'R1',NULL,NULL,1),
(34,'R3',NULL,NULL,3),
(35,'R4',NULL,NULL,4),
(36,'R6',NULL,NULL,5),
(37,'S41',NULL,NULL,41),
(38,'S44',NULL,NULL,44),
(39,'S48',NULL,NULL,48),
(40,'U17',NULL,NULL,17),
(41,'U29',NULL,NULL,29),
(42,'U32',NULL,NULL,32),
(43,'U36',NULL,NULL,36),
(44,'U38',NULL,NULL,38),
(45,'U41',NULL,NULL,41),
(46,'U42',NULL,NULL,42),
(47,'U44',NULL,NULL,44),
(48,'U48',NULL,NULL,48),
(49,'U52',NULL,NULL,52),
(50,'U54',NULL,NULL,54),
(51,'UD44',NULL,NULL,44),
(52,'UD48',NULL,NULL,48),
(53,'UD51',NULL,NULL,51),
(54,'UD52',NULL,NULL,52),
(55,'UD54',NULL,NULL,54),
(56,'W17',NULL,NULL,17),
(57,'W22',NULL,NULL,22),
(58,'W27',NULL,NULL,27),
(59,'W36',NULL,NULL,36),
(60,'W44',NULL,NULL,44),
(63,'M54',NULL,NULL,54),
(64,'S52',NULL,NULL,52),
(66,'U40',NULL,NULL,40),
(67,'JUSA C',NULL,NULL,99),
(68,'JUSA B',NULL,NULL,99),
(73,'M41',NULL,NULL,41),
(75,'U19',NULL,NULL,19),
(76,'N19',NULL,NULL,19),
(77,'H11',NULL,NULL,11),
(78,'W19',NULL,NULL,19),
(79,'UF48',NULL,NULL,48),
(80,'UF44',NULL,NULL,44),
(81,'N14',NULL,NULL,14),
(82,'UG56',NULL,NULL,56),
(83,'W29',NULL,NULL,29),
(84,'UF41',NULL,NULL,41),
(86,'UG48',NULL,NULL,48),
(88,'N29',NULL,NULL,29),
(89,'N11',NULL,NULL,11),
(90,'KP19',NULL,NULL,19),
(91,'FA38',NULL,NULL,38),
(92,'FT19',NULL,NULL,19),
(94,'N44',NULL,NULL,44),
(95,'UG54',NULL,NULL,54),
(96,'UG52',NULL,NULL,52),
(97,'UG44',NULL,NULL,44),
(98,'UG41',NULL,NULL,41),
(99,'UF52',NULL,NULL,52),
(100,'UF54',NULL,NULL,54),
(101,'UD56',NULL,NULL,56),
(102,'C54',NULL,NULL,54),
(103,'J52',NULL,NULL,52),
(104,'KP22',NULL,NULL,22),
(105,'H14',NULL,NULL,14),
(106,'C36',NULL,NULL,36),
(107,'C29',NULL,NULL,29),
(108,'JA29','2023-04-02 03:21:37','2023-04-02 03:21:37',NULL),
(109,'H16','2024-01-30 08:50:46','2024-01-30 08:50:46',NULL);

/*Table structure for table `tjawatan` */

DROP TABLE IF EXISTS `tjawatan`;

CREATE TABLE `tjawatan` (
  `id` int(100) NOT NULL AUTO_INCREMENT,
  `jawatan` varchar(70) DEFAULT NULL,
  `updated_at` datetime DEFAULT NULL,
  `created_at` datetime DEFAULT NULL,
  PRIMARY KEY (`id`)
) ENGINE=InnoDB AUTO_INCREMENT=103 DEFAULT CHARSET=latin1;

/*Data for the table `tjawatan` */

insert  into `tjawatan`(`id`,`jawatan`,`updated_at`,`created_at`) values 
(1,'AKAUNTAN',NULL,NULL),
(2,'JURUAUDIO VISUAL',NULL,NULL),
(3,'JURURAWAT',NULL,NULL),
(4,'JURURAWAT PERGIGIAN',NULL,NULL),
(5,'JURUTEKNIK',NULL,NULL),
(6,'JURUTEKNIK KOMPUTER',NULL,NULL),
(7,'JURUTEKNOLOGI MAKMAL PERUBATAN',NULL,NULL),
(8,'JURUTERA (AWAM)',NULL,NULL),
(9,'JURUTERA (ELEKTRIK)',NULL,NULL),
(10,'JURUTERA (KESIHATAN UMUM)',NULL,NULL),
(11,'JURUTERA (MEKANIKAL)',NULL,NULL),
(12,'PEGAWAI FARMASI',NULL,NULL),
(14,'PEGAWAI KAUNSELOR',NULL,NULL),
(15,'PEGAWAI KESIHATAN PERSEKITARAN',NULL,NULL),
(16,'PEGAWAI KHIDMAT PELANGGAN',NULL,NULL),
(17,'PEGAWAI PENERANGAN (PEGAWAI PELAJARAN KESIHATAN)',NULL,NULL),
(18,'PEGAWAI PERGIGIAN',NULL,NULL),
(21,'PEGAWAI PERUBATAN (PAKAR PERUBATAN KELUARGA)',NULL,NULL),
(22,'PEGAWAI SAINS',NULL,NULL),
(23,'PEGAWAI SAINS (KIMIA HAYAT)',NULL,NULL),
(24,'PEGAWAI SAINS (PEGAWAI ZAT MAKANAN)',NULL,NULL),
(25,'PEGAWAI TADBIR (PEGAWAI REKOD PERUBATAN)',NULL,NULL),
(26,'PEGAWAI TADBIR DAN DIPLOMATIK',NULL,NULL),
(27,'PEGAWAI TEKNOLOGI MAKANAN',NULL,NULL),
(28,'PEGAWAI TEKNOLOGI MAKLUMAT',NULL,NULL),
(29,'PEKERJA AWAM',NULL,NULL),
(30,'PEKERJA RENDAH AWAM',NULL,NULL),
(31,'PEMANDU KENDERAAN',NULL,NULL),
(32,'PEMBANTU AM PEJABAT',NULL,NULL),
(33,'PEMBANTU KESELAMATAN',NULL,NULL),
(34,'PEMBANTU KESIHATAN AWAM',NULL,NULL),
(35,'PEMBANTU TADBIR (KESETIAUSAHAAN)',NULL,NULL),
(36,'PEMBANTU TADBIR (KEWANGAN)',NULL,NULL),
(37,'PEMBANTU TADBIR (P/O)',NULL,NULL),
(38,'PEMBANTU TADBIR (P/O) (PEMBANTU REKOD PERUBATAN)',NULL,NULL),
(39,'PEMBANTU TEKNIK',NULL,NULL),
(40,'PEN. PEG. TEKNOLOGI MAKANAN',NULL,NULL),
(41,'PENOLONG AKAUNTAN',NULL,NULL),
(42,'PENOLONG JURUTERA',NULL,NULL),
(43,'PENOLONG PEGAWAI KESIHATAN PERSEKITARAN',NULL,NULL),
(44,'PENOLONG PEGAWAI PERUBATAN',NULL,NULL),
(45,'PENOLONG PEGAWAI SAINS',NULL,NULL),
(46,'PENOLONG PEGAWAI TADBIR (PEGAWAI EKSEKUTIF)',NULL,NULL),
(47,'PENOLONG PEGAWAI TADBIR (REKOD PERUBATAN)',NULL,NULL),
(48,'PENOLONG PEGAWAI TEKNOLOGI MAKLUMAT',NULL,NULL),
(49,'PEREKA',NULL,NULL),
(50,'SETIAUSAHA PEJABAT',NULL,NULL),
(52,'TIMBALAN PENGARAH KESIHATAN NEGERI [PENGURUSAN]',NULL,NULL),
(53,'TIMBALAN PENGARAH KESIHATAN NEGERI [PERGIGIAN]',NULL,NULL),
(54,'TIMBALAN PENGARAH KESIHATAN NEGERI [KA]',NULL,NULL),
(55,'TIMBALAN PENGARAH KESIHATAN NEGERI [KKM]',NULL,NULL),
(56,'KETUA PENOLONG PENGARAH KANAN ',NULL,NULL),
(58,'KETUA PENYELIA JURURAWAT NEGERI',NULL,NULL),
(59,'KETUA PENYELIA JURURAWAT',NULL,NULL),
(60,'KETUA JURURAWAT',NULL,NULL),
(61,'TIMBALAN PENGARAH KESIHATAN NEGERI [PERUBATAN]',NULL,NULL),
(62,'TIMBALAN PENGARAH KESIHATAN NEGERI [FARMASI]',NULL,NULL),
(63,'PENGARAH KESIHATAN NEGERI KEDAH',NULL,NULL),
(64,'PEGAWAI PSIKOLOGI',NULL,NULL),
(65,'PENOLONG JURUAUDIT',NULL,NULL),
(66,'JURUTERA',NULL,NULL),
(67,'PENYELIA JURURAWAT',NULL,NULL),
(69,'PEMBANTU OPERASI',NULL,NULL),
(70,'PENOLONG PENGARAH KANAN (SM)',NULL,NULL),
(71,'PEMBANTU AWAM',NULL,NULL),
(72,'PEMBANTU AKAUNTAN',NULL,NULL),
(73,'PENOLONG PENGARAH','2024-03-24 03:35:24',NULL),
(74,'JURUTERAPI PERGIGIAN',NULL,NULL),
(76,'PEGAWAI PERUBATAN',NULL,NULL),
(77,'PEGAWAI TADBIR',NULL,NULL),
(78,'PEKERJA SAMBILAN HARIAN (PSH)',NULL,NULL),
(89,'PEGAWAI PENDIDIKAN KESIHATAN','2022-05-26 04:33:56','2022-05-26 04:33:56'),
(90,'PAKAR PERGIGIAN (KESIHATAN AWAM)',NULL,NULL),
(91,'PERSONEL MYSTEP',NULL,NULL),
(94,'PENOLONG PEGAWAI TADBIR','2022-08-16 03:58:16','2022-08-16 03:58:16'),
(95,'KETUA UNIT PENGURUSAN MAKLUMAT','2024-01-03 08:34:43','2024-01-03 08:34:43'),
(96,'PENOLONG PENGARAH KANAN','2024-03-24 03:35:48','2024-01-03 08:36:09'),
(97,'PEMBANTU TADBIR KANAN (PERKERANIAN/OPERASI)','2024-06-02 01:59:56','2024-06-02 01:59:56'),
(98,'PENYELIA JURUTERAPI PERGIGIAN KANAN','2024-06-09 00:20:07','2024-06-04 01:25:46'),
(99,'PENYELIA JURUTERAPI PERGIGIAN NEGERI','2024-06-09 00:20:27','2024-06-04 01:25:50'),
(100,'KETUA PENOLONG PENGARAH','2024-06-09 00:15:13','2024-06-09 00:15:13'),
(101,'PENYELIA JURUTERAPI','2024-06-09 00:31:07','2024-06-09 00:31:07'),
(102,'PEGAWAI PERUBATAN (PAKAR PERUBATAN KESIHATAN AWAM)','2024-07-02 00:56:33','2024-07-02 00:56:33');

/*Table structure for table `tunit` */

DROP TABLE IF EXISTS `tunit`;

CREATE TABLE `tunit` (
  `id` int(100) NOT NULL AUTO_INCREMENT,
  `unit` varchar(255) DEFAULT NULL,
  `idbahagian` varchar(6) DEFAULT NULL,
  `updated_at` datetime DEFAULT NULL,
  `created_at` datetime DEFAULT NULL,
  PRIMARY KEY (`id`)
) ENGINE=InnoDB AUTO_INCREMENT=65 DEFAULT CHARSET=latin1;

/*Data for the table `tunit` */

insert  into `tunit`(`id`,`unit`,`idbahagian`,`updated_at`,`created_at`) values 
(1,'AIDS/STI','1',NULL,NULL),
(3,'INSPEKTORAT DAN PERUNDANGAN','1',NULL,NULL),
(4,'KEJURUTERAAN KESIHATAN','1',NULL,NULL),
(5,'PERKEMBANGAN KESIHATAN AWAM','1',NULL,NULL),
(6,'KESIHATAN KELUARGA','1',NULL,NULL),
(7,'KESIHATAN PRIMER','1',NULL,NULL),
(8,'KESIHATAN PEKERJAAN DAN ALAM SEKITAR [KPAS]','1',NULL,NULL),
(9,'PEMAKANAN','1',NULL,NULL),
(11,'PENYAKIT BERJANGKIT [CDC]','1',NULL,NULL),
(12,'PENYAKIT TIDAK BERJANGKIT [NCD]','1',NULL,NULL),
(13,'PROMOSI DAN PENDIDIKAN KESIHATAN','1',NULL,NULL),
(15,'PEJABAT TPKN (KKM)','2',NULL,NULL),
(16,'PENGURUSAN MAKLUMAT','3','2022-09-14 00:14:42',NULL),
(17,'KAUNSELING','3',NULL,NULL),
(18,'KEJURURAWATAN','3',NULL,NULL),
(19,'KEWANGAN','3',NULL,NULL),
(21,'PEMBANGUNAN','3',NULL,NULL),
(22,'PENGARAH','3',NULL,NULL),
(23,'KHIDMAT PENGURUSAN','3',NULL,NULL),
(25,'SUMBER MANUSIA','3',NULL,NULL),
(26,'TPKN (U)','3','2022-09-04 01:54:26',NULL),
(27,'PERKHIDMATAN PERUBATAN','4',NULL,NULL),
(28,'PERUBATAN','4',NULL,NULL),
(29,'REKOD PERUBATAN','4',NULL,NULL),
(30,'UNIT KAWALAN AMALAN PERUBATAN SWASTA [CKAPS]','4','2024-07-02 03:26:43',NULL),
(31,'AMALAN & PERKEMBANGAN FARMASI','5',NULL,NULL),
(32,'BAHAGIAN PENGURUSAN FARMASI KESIHATAN','5','2021-05-02 04:01:31',NULL),
(33,'CAWANGAN PENGUATKUASA FARMASI','5',NULL,NULL),
(34,'BAHAGIAN KESIHATAN PERGIGIAN','6',NULL,NULL),
(36,'PEJABAT PENGARAH','7',NULL,NULL),
(37,'AUDIT DALAM','3',NULL,NULL),
(38,'KUALITI PERUBATAN','4',NULL,NULL),
(39,'KEJURUTERAAN HOSPITAL','4',NULL,NULL),
(40,'PENYELIA PPP','3',NULL,NULL),
(41,'PEROLEHAN DAN ASET','3',NULL,NULL),
(42,'VEKTOR NEGERI','1',NULL,NULL),
(43,'CAWANGAN PERKEMBANGAN PERUBATAN','4',NULL,NULL),
(45,'laili',NULL,'2021-05-02 04:16:53','2021-05-02 04:16:53'),
(49,'KESIHATAN AWAM','1','2022-02-23 01:28:22','2022-02-23 01:28:22'),
(51,'TPKN (F)','5','2022-08-14 02:29:59','2022-08-14 02:29:59'),
(52,'TPKN (KA)','1','2022-09-01 07:28:54','2022-09-01 07:28:54'),
(53,'TPKN (P)','4','2022-09-01 07:31:02','2022-09-01 07:31:02'),
(54,'TPKN (KKM)','2','2022-09-14 00:16:00','2022-09-14 00:16:00'),
(55,'PEJABAT TPKN (PERGIGIAN)','6','2022-09-14 00:16:17','2022-09-14 00:16:17'),
(56,'KEJURUTERAAN','8','2023-04-02 03:21:12','2023-04-02 03:21:12'),
(57,'UNIT DASAR DAN PERANCANGAN STRATEGIK KESIHATAN PERGIGIAN, PERGIGIAN MASYARAKAT DAN PENGGALAKKAN KESIHATAN PERGIGIAN','6',NULL,NULL),
(58,'UNIT PENJAGAAN KESIHATAN PERGIGIAN DAN KUALITI','6',NULL,NULL),
(59,'UNIT AMALAN, PERKEMBANGAN KESIHATAN PERGIGIAN DAN LATIHAN',NULL,NULL,NULL),
(60,'JURUTERA NEGERI','8','2023-12-19 03:56:40','2023-12-19 03:56:40'),
(61,'UNIT SURVELAN','1','2024-01-23 03:01:56','2024-01-23 03:01:11'),
(62,'SEKSYEN AMALAN DAN PERKEMBANGAN KESIHATAN PERGIGIAN','6','2024-06-02 01:52:42','2024-06-02 01:52:42'),
(63,'SEKSYEN PENJAGAAN KESIHATAN PERGIGIAN','6','2024-06-02 01:56:00','2024-06-02 01:56:00'),
(64,'SEKSYEN PENGURUSAN STRATEGIK KESIHATAN PERGIGIAN','6','2024-06-02 02:10:04','2024-06-02 02:10:04');

/*Table structure for table `users` */

DROP TABLE IF EXISTS `users`;

CREATE TABLE `users` (
  `id` bigint(20) unsigned NOT NULL AUTO_INCREMENT,
  `name` varchar(255) COLLATE utf8mb4_unicode_ci NOT NULL,
  `email` varchar(255) COLLATE utf8mb4_unicode_ci NOT NULL,
  `email_verified_at` timestamp NULL DEFAULT NULL,
  `password` varchar(255) COLLATE utf8mb4_unicode_ci NOT NULL,
  `remember_token` varchar(100) COLLATE utf8mb4_unicode_ci DEFAULT NULL,
  `created_at` timestamp NULL DEFAULT NULL,
  `updated_at` timestamp NULL DEFAULT NULL,
  PRIMARY KEY (`id`),
  UNIQUE KEY `users_email_unique` (`email`)
) ENGINE=InnoDB AUTO_INCREMENT=9 DEFAULT CHARSET=utf8mb4 COLLATE=utf8mb4_unicode_ci;

/*Data for the table `users` */

insert  into `users`(`id`,`name`,`email`,`email_verified_at`,`password`,`remember_token`,`created_at`,`updated_at`) values 
(1,'Administrator ICT','administrator',NULL,'$2y$10$hoIodFowkFU2o7ZLTGMtoO77owIp3TtUEJSPkCe1E6kFhu3hg/Xu6',NULL,'2021-04-27 08:29:21','2021-05-11 08:03:22'),
(2,'laili ict','laili',NULL,'$2y$10$hoIodFowkFU2o7ZLTGMtoO77owIp3TtUEJSPkCe1E6kFhu3hg/Xu6',NULL,'2021-01-27 01:21:01','2021-05-11 08:05:05'),
(3,'Pengurusan JKN Kedah','pengurusankdh',NULL,'$2y$10$sCH1Am8bVy2dRkHOdcwP9e1kl1lYbs26tmqAPqKRJp14475KLmx/e',NULL,'2021-05-09 07:46:04','2021-05-09 07:46:04'),
(4,'Perubatan JKN Kedah','perubatankdh',NULL,'$2y$10$G.q5M0x49umxH/vFXyPB6uwYGrqRwmAMc4Qv0bzjsW71T.84W/JXO',NULL,'2021-05-11 08:06:00','2021-05-11 08:06:28'),
(5,'SYAMSINAR BINTI AHMAD','syamsinar',NULL,'$2y$10$9SvlSDJyDqbaidV5T/LH6evafg79CBCiMOI/7xjKK0RwEvlaKNIVm','M6SydWbI8UMelWd6vcR1v8QApnAR6Lgmm0ytitkWIPvnjpGTpQFuRhAgLqJ4',NULL,'2021-06-02 03:36:45'),
(6,'MASYITTAH BINTI HJ SULAIMAN','masyittah',NULL,'$2y$10$srRAg/s2E/LhH5q/XMLSVe2Fo9wPxXc4QPh3NrzuF4uf6vNS425tS',NULL,NULL,'2022-08-08 06:51:16'),
(8,'Azmie','azmie',NULL,'$2y$10$kdHF1qVusVPErrukYJ3sSuZnt21om7vcUak8Y0XMdh/sM7GR2Bb72',NULL,'2023-02-13 06:27:52','2023-02-13 06:27:52');

/*!40101 SET SQL_MODE=@OLD_SQL_MODE */;
/*!40014 SET FOREIGN_KEY_CHECKS=@OLD_FOREIGN_KEY_CHECKS */;
/*!40014 SET UNIQUE_CHECKS=@OLD_UNIQUE_CHECKS */;
/*!40111 SET SQL_NOTES=@OLD_SQL_NOTES */;
